單字,KK 音標,詞性,中文意思,實用造句與用法說明
a,[ə],冠詞,一個,She has a book in her hand.（她手裡有一本書。用於單數可數名詞前。）
able,[ˈebl],形容詞,有能力的,He is able to swim across the river.（他有能力游過這條河。常與 to 連用。）
about,[əˈbaʊt],介系詞,關於 / 大約,Tell me about your new plan. / It is about five o'clock.（告訴我關於你的新計劃。/ 現在大約五點。）
account,[əˈkaʊnt],名詞,帳戶 / 報告,I need to open a bank account.（我需要開立一個銀行帳戶。）
acid,[ˈæsɪd],名詞 / 形容詞,酸 / 酸性的,Lemon juice contains acid. / This fruit has an acid taste.（檸檬汁含有酸。/ 這水果有酸味。）
across,[əˈkrɔs],介系詞,橫過 / 在...對面,We walked across the street.（我們穿過馬路。）
act,[ækt],名詞,行為 / 法令,It is a noble act to help people in need.（幫助有需要的人是高尚的行為。）
addition,[əˈdɪʃən],名詞,增加 / 加法,"In addition to rice, we need some vegetables.（除了米飯之外，我們還需要一些蔬菜。）"
adjustment,[əˈdʒʌstmənt],名詞,調整 / 調節,The machine needs a slight adjustment.（這台機器需要稍微調整一下。）
advertisement,[ˌædvɚˈtaɪzmənt],名詞,廣告,I saw an advertisement for a new car on TV.（我在電視上看到一個新車的廣告。）
after,[ˈæftɚ],介系詞,在...之後,We will go for a walk after dinner.（我們晚飯後去散步。）
again,[əˈɡɛn],副詞,再一次,Please read this book again.（請把這本書再讀一遍。）
against,[əˈɡɛnst],介系詞,反對 / 靠著,Are you for or against the idea?（你是贊成還是反對這個想法？）
agreement,[əˈɡrimənt],名詞,同意 / 協議,They signed an agreement to work together.（他們簽署了一項合作協議。）
air,[ɛr],名詞,空氣 / 天空,We need fresh air to breathe.（我們需要新鮮的空氣來呼吸。）
all,[ɔl],形容詞 / 代名詞,全部的 / 一切,All the students passed the test.（所有的學生都通過了考試。）
almost,[ˈɔlˌmost],副詞,幾乎,I am almost ready to go.（我幾乎準備好可以出發了。）
among,[əˈmʌŋ],介系詞,在...之中（三者以上）,Divide the sweets among the children.（把糖果分給孩子們。）
amount,[əˈmaʊnt],名詞,數量 / 金額,A large amount of money was spent on the project.（這項專案花費了大量的資金。）
amusement,[əˈmjuzmənt],名詞,娛樂 / 樂趣,"To our amusement, the clown fell down.（令我們感到好笑的是，小丑摔倒了。）"
and,[ænd],連接詞,和 / 而且,I like apples and oranges.（我喜歡蘋果和柳橙。）
angle,[ˈæŋɡl],名詞,角度 / 角,Look at the problem from a different angle.（從不同的角度來看這個問題。）
angry,[ˈæŋɡri],形容詞,生氣的,He was angry with his brother.（他對他的兄弟感到生氣。）
animal,[ˈænəməl],名詞,動物,A dog is a friendly animal.（狗是一種友善的動物。）
answer,[ˈænsɚ],名詞,回答 / 答案,Please give me an answer today.（請今天給我一個答覆。）
ant,[ænt],名詞,螞蟻,I saw an ant carrying a piece of bread.（我看到一隻螞蟻搬著一片麵包。）
any,[ˈɛni],形容詞 / 代名詞,任何的 / 一些,Do you have any questions?（你有任何問題嗎？）
apparatus,[ˌæpəˈretəs],名詞,儀器 / 設備,The laboratory has modern apparatus.（這間實驗室擁有現代化的儀器設備。）
apple,[ˈæpl],名詞,蘋果,She ate a sweet red apple.（她吃了一個甜甜的紅蘋果。）
approval,[əˈpruvəl],名詞,贊成 / 批准,The plan has the manager's approval.（這個計劃得到了經理的批准。）
arch,[ɑrtʃ],名詞,拱門 / 弓形,They walked through the stone arch.（他們走過那座石拱門。）
argument,[ˈɑrɡjəmənt],名詞,爭論 / 論點,They had a long argument about money.（他們為了錢發生了長期的爭論。）
arm,[ɑrm],名詞,手臂,He broke his left arm during the game.（他在比賽中弄斷了左臂。）
army,[ˈɑrmi],名詞,軍隊,He joined the army after finishing school.（他畢業後加入了軍隊。）
art,[ɑrt],名詞,藝術,Painting is a beautiful form of art.（繪畫是一種美麗的藝術形式。）
as,[æz],介系詞 / 連接詞,作為 / 當...時,He works as a teacher. / She sang as she walked.（他擔任教師工作。/ 她一邊走一邊唱歌。）
at,[æt],介系詞,在（某處或某時）,Meet me at the station at noon.（中午在車站與我見面。）
attack,[əˈtæk],名詞,攻擊,The enemy launched an attack at night.（敵人在夜間發動了攻擊。）
attempt,[əˈtɛmpt],名詞,嘗試,This is my first attempt to cook.（這是我第一次嘗試做飯。）
attention,[əˈtɛnʃən],名詞,注意力,Please pay attention to what I am saying.（請注意聽我說的話。）
attraction,[əˈtrækʃən],名詞,吸引力 / 景點,The old castle is a great tourist attraction.（這座古堡是個著名的旅遊景點。）
authority,[əˈθɔrətɪ],名詞,權力 / 權威人士,He has no authority to change the rules.（他沒有權力修改規則。）
automatic,[ˌɔtəˈmætɪk],形容詞,自動的,This camera has an automatic focus.（這台相機有自動對焦功能。）
awake,[əˈwek],形容詞,醒著的,The baby is still awake.（寶寶還醒著。）
baby,[ˈbebi],名詞,嬰兒,The baby is sleeping peacefully in the bed.（嬰兒正在床上安詳地睡著。）				
back,[bæk],名詞 / 副詞,背部 / 向後,He hurt his back while lifting the box. / Go back to your seat.（他搬箱子時弄傷了背。/ 回到你的座位上。）				
bad,[bæk],形容詞,壞的 / 不好的,Eating too much sugar is bad for your teeth.（吃太多糖對你的牙齒不好。）				
bag,[bæɡ],名詞,袋子 / 包包,She put her books into her school bag.（她把書放進書包裡。）				
balance,[ˈbæləns],名詞,平衡,He lost his balance and fell off the bicycle.（他失去平衡，從腳踏車上摔了下來。）				
ball,[bɔl],名詞,球,The children are playing with a red ball in the garden.（孩子們正在花園裡玩一個紅色的球。）				
band,[bænd],名詞,帶子 / 樂團,She tied her hair with a rubber band. / The band played good music.（她用橡皮筋綁頭髮。/ 樂團演奏了美妙的音樂。）				
base,[bes],名詞,底部 / 基礎,The lamp has a heavy metal base.（這盞燈有一個沉重的金屬底座。）				
basin,[ˈbesn],名詞,水盆 / 洗臉盆,Please wash your hands in the basin.（請在水盆裡洗手。）				
basket,[ˈbæskɪt],名詞,籃子,We put the fresh fruit into a basket.（我們把新鮮水果放進籃子裡。）				
bath,[bæθ],名詞,洗澡 / 沐浴,A warm bath will help you relax after work.（工作後洗個熱水澡能幫你放鬆。）				
be (are),[bi] ([ɑr]),動詞,是 / 存在,To be happy is important. / They are my good friends.（快樂很重要。/ 他們是我的好朋友。基本英語核心動詞之一。）				
beautiful,[ˈbjutəfəl],形容詞,美麗的,The garden is full of beautiful flowers.（花園裡開滿了美麗的花朵。）				
because,[bɪˈkɔz],連接詞,因為,I stayed at home because it was raining heavily.（因為下大雨，我待在家裡。）				
bed,[bɛd],名詞,床,It is time for the children to go to bed.（孩子們該上床睡覺了。）				
bee,[bi],名詞,蜜蜂,A bee is flying around the open window.（一隻蜜蜂正在打開的窗戶周圍飛著。）				
before,[bɪˈfor],介系詞 / 連接詞,在...之前,Always wash your hands before meals.（飯前務必洗手。）				
behavior,[bɪˈhevjɚ],名詞,行為 / 舉止,The teacher praised the boy's good behavior.（老師表揚了這個男孩的良好行為。）				
belief,[bɪˈlif],名詞,信念 / 看法,It is my belief that honesty is the best policy.（我的信念是：誠實為上策。）				
bell,[bɛl],名詞,鈴 / 鐘,The school bell rings at eight o'clock.（學校的鐘聲在八點響起。）				
bent,[bɛnt],形容詞,彎曲的,The iron bar is bent and cannot be used.（這根鐵條彎曲了，無法使用。）				
berry,[ˈbɛri],名詞,莓果,She picked a sweet red berry from the bush.（她從灌木叢中摘了一顆甜甜的紅莓果。）				
between,[bɪˈtwin],介系詞,在...之間（兩者）,The table is between the two chairs.（桌子在兩張椅子中間。）				
bird,[bɝd],名詞,鳥,A little bird is singing on the tree branch.（一隻小鳥正在樹枝上唱歌。）				
birth,[bɝθ],名詞,出生,She gave birth to a healthy baby girl.（她生下了一個健康的健康女嬰。）				
bit,[bɪt],名詞,一小塊 / 一點點,Please give the dog a small bit of meat.（請給這隻狗一小塊肉。）				
bite,[baɪt],名詞,咬 / 叮咬,Be careful not to get an insect bite.（小心不要被昆蟲叮咬。）				
bitter,[ˈbɪtɚ],形容詞,苦的,Medicine often has a bitter taste.（藥通常有苦味。）				
black,[blæk],形容詞 / 名詞,黑色的 / 黑色,He wore a black coat to the formal dinner.（他穿了一件黑色大衣去參加正式晚宴。）				
blade,[bled],名詞,刀刃 / 葉片,The knife has a very sharp blade.（這把刀有一個非常鋒利的刀刃。）				
blood,[blʌd],名詞,血液,Blood carries oxygen throughout our body.（血液將氧氣輸送到我們全身。）				
blow,[blo],名詞 / 動詞的動作,吹 / 打擊,The wind gave a strong blow to the sail.（風對船帆產生了強烈的吹力。基本英語中常作名詞使用。）				
blue,[blu],形容詞 / 名詞,藍色的 / 藍色,The sky is clear and blue today.（今天的氣空晴朗而蔚藍。）				
board,[bord],名詞,木板 / 告示牌,The teacher wrote the homework on the board.（老師把作業寫在黑板上。）				
boat,[bot],名詞,船,We took a small boat across the lake.（我們搭了一艘小船過湖。）				
body,[ˈbɑdi],名詞,身體,Exercise is good for both mind and body.（運動對身心都有好處。）				
boiling,[ˈbɔɪlɪŋ],形容詞 / 名詞,沸騰的 / 沸騰,Put the vegetables into the boiling water.（把蔬菜放進沸騰的水中。）				
bone,[bon],名詞,骨頭,The dog is chewing a large bone.（這隻狗正在啃一根大骨頭。）				
book,[bʊk],名詞,書本,He is reading an interesting book about history.（他正在讀一本關於歷史的有趣書籍。）				
boot,[but],名詞,靴子,Put on your leather boot before going into the mud.（走進泥地前先穿上你的皮靴。）				
bottle,[ˈbɑtl],名詞,瓶子,There is some clean water in the glass bottle.（玻璃瓶裡有一些乾淨的水。）				
box,[bɑks],名詞,箱子 / 盒子,The gifts were packed in a cardboard box.（禮物被裝在一個紙箱裡。）				
boy,[bɔɪ],名詞,男孩,The little boy is playing with his toy car.（那個小男孩正在玩他的玩具車。）				
brain,[bren],名詞,大腦 / 智力,The human brain controls our thoughts and actions.（人類的大腦控制著我們的思想與行為。）				
brake,[brek],名詞,煞車,Put your foot on the brake to stop the car.（把腳踩在煞車上以讓車停下來。）				
branch,[bræntʃ],名詞,樹枝 / 分支,The bird flew up and sat on a tree branch.（鳥兒飛上去，停在樹枝上。）				
brass,[bræs],名詞,黃銅,The door handle is made of solid brass.（門把手是由實心黃銅製成的。）				
bread,[brɛd],名詞,麵包,I usually have two slices of bread for breakfast.（我早餐通常吃兩片麵包。）				
breath,[brɛθ],名詞,呼吸 / 氣息,Take a deep breath before you start to speak.（在你開始說話前，先深吸一口氣。）				
brick,[brɪk],名詞,磚塊,The house is built of red brick.（這棟房子是用紅磚蓋的。）				
bridge,[brɪdʒ],名詞,橋樑,We walked across the old stone bridge.（我們走過了那座老石橋。）				
bright,[braɪt],形容詞,明亮的 / 聰明的,The sun is very bright this afternoon.（今天下午的陽光非常明亮。）				
broken,[ˈbrokən],形容詞,破碎的 / 壞掉的,"The window is broken, so the cold wind comes in.（窗戶碎了，所以冷風吹了進來。）				"
brother,[ˈbrʌðɚ],名詞,兄弟,My older brother helped me with my homework.（我的哥哥幫我輔導功課。）				
brown,[braʊn],形容詞 / 名詞,褐色的 / 棕色,The dog has smooth brown hair.（這隻狗有平滑的棕色毛髮。）				
brush,[brʌʃ],名詞,刷子,Use this small brush to clean your shoes.（用這把小刷子來清理你的鞋子。）				
bucket,[ˈbʌkɪt],名詞,水桶,He filled the wooden bucket with water.（他把木桶裝滿了水。）				
building,[ˈbɪldɪŋ],名詞,建築物,That tall building is a modern hospital.（那棟高大的建築物是一所現代化的醫院。）				
bulb,[bʌlb],名詞,燈泡 / 植物鱗莖,The electric bulb in the kitchen is broken.（廚房的電燈泡壞了。）				
burn,[bɝn],名詞 / 動詞的動作,燒傷 / 灼傷,She got a minor burn from the hot water.（她被熱水輕微燙傷。）				
burst,[bɝst],名詞 / 動詞的動作,爆裂 / 突發,There was a sudden burst of noise in the street.（街道上突然傳出一陣巨大的噪音。）				
business,[ˈbɪznɪs],名詞,生意 / 事務,He runs a small clothing business in the town.（他在鎮上經營一家小型服裝生意。）				
but,[bʌt],連接詞,但是,"I wanted to go out, but it started to rain.（我想出去，但是開始下雨了。）				"
butter,[ˈbʌtɚ],名詞,奶油,Please spread some butter on my bread.（請在我的麵包上抹點奶油。）				
button,[ˈbʌtn],名詞,鈕扣 / 按鈕,The top button of his shirt is missing. / Press the red button.（他襯衫最上面的鈕扣掉了。/ 按下紅色按鈕。）				
by,[baɪ],介系詞,被 / 經由 / 在...旁邊,The book was written by a famous writer. / Come and sit by me.（這本書是由一位著名的作家寫的。/ 過來坐在我旁邊。）				
cake,[kek],名詞,蛋糕,She made a delicious chocolate cake for my birthday.（她為 my 生日做了一個美味的巧克力蛋糕。）
camera,[ˈkæmərə],名詞,相機,He used his new camera to take photos of the birds.（他用他的新相機拍了那些鳥的照片。）
canvas,[ˈkænvəs],名詞,帆布 / 油畫布,"The tents are made of strong, thick canvas.（這些帳篷是由堅固、厚實的帆布製成的。）"
card,[kɑrd],名詞,卡片 / 紙牌,He sent me a beautiful greeting card from London.（他從倫敦寄給我一張美麗的賀卡。）
care,[kɛr],名詞,照顧 / 小心,You must take care of your health in winter.（冬天你必須好好照顧自己的健康。）
carriage,[ˈkærɪdʒ],名詞,馬車 / 車廂,The royal family rode in a beautiful horse carriage.（皇室成員乘坐在一輛美麗的馬車裡。）
cart,[kɑrt],名詞,手推車 / 貨車,The farmer loaded the wooden cart with apples.（農夫把蘋果裝上那輛木製手推車。）
cat,[kæt],名詞,貓,A small black cat is sleeping under the table.（一隻小黑貓正在桌子底下睡覺。）
cause,[kɔz],名詞,原因 / 起因,The police are looking for the cause of the fire.（警方正在尋找這場火災的起因。）
certain,[ˈsɝtn],形容詞,確定的 / 某個,I am certain that he will come to the meeting.（我確定他會來參加會議。）
chain,[tʃen],名詞,鏈條 / 連鎖,He locked his bicycle with a strong iron chain.（他用一條堅固的鐵鏈鎖住了他的腳踏車。）
chalk,[tʃɔk],名詞,粉筆,The teacher used a piece of white chalk to write.（老師用了一支白粉筆寫字。）
chance,[tʃæns],名詞,機會 / 可能性,This is your last chance to pass the test.（這是你通過考試的最後機會。）
change,[tʃendʒ],名詞 / 動詞的動作,改變 / 零錢,The autumn weather brings a change in temperature.（秋天的天氣帶來了溫度的改變。）
cheap,[tʃip],形容詞,便宜的,These shoes are very cheap but good.（這些鞋子很便宜但是很好。）
cheese,[tʃiz],名詞,起司 / 乳酪,Put a slice of cheese between the bread.（在麵包中間放一片起司。）
chemical,[ˈkɛmɪkəl],名詞 / 形容詞,化學製品 / 化學的,Scientists mixed a dangerous chemical in the room.（科學家在房間裡混合了一種危險的化學物質。）
chest,[tʃɛst],名詞,胸膛 / 大箱子,He felt a slight pain in his chest.（他感到胸口有一點痛。）
chief,[tʃif],形容詞 / 名詞,主要的 / 首領,Rice is the chief food in many Asian countries.（米飯是許多亞洲國家的主要食物。）
chin,[tʃɪn],名詞,下巴,He rested his chin on his hand while thinking.（他思考時把下巴靠在手上。）
church,[tʃɝtʃ],名詞,教堂,They go to the old church every Sunday.（他們每個星期天都去那座老教堂。）
circle,[ˈsɝkl],名詞,圓圈,The children stood in a circle to play a game.（孩子們站成一個圓圈玩遊戲。）
clean,[klin],形容詞,乾淨的,Always keep your hands and clothes clean.（隨時保持你的雙手和衣物乾淨。）
clear,[klɪr],形容詞,清晰的 / 晴朗的,The water in the mountain river is very clear.（山間河流裡的水非常清澈。）
clock,[klɑk],名詞,時鐘,The clock on the wall says it is ten o'clock.（牆上的時鐘顯示現在是十點鐘。）
cloth,[klɔθ],名詞,布料 / 布,She used a wet cloth to clean the table.（她用一塊濕布來擦桌子。）
cloud,[klaʊd],名詞,雲,A dark cloud covered the sun before the rain.（下雨前，一朵烏雲遮住了太陽。）
coal,[kol],名詞,煤炭,They burned coal to keep the house warm.（他們燒煤炭來保持房子溫暖。）
coat,[kot],名詞,外套 / 大衣,Put on your heavy coat; it is cold outside.（穿上你的厚大衣，外面很冷。）
cold,[kold],形容詞 / 名詞,冷的 / 感冒,I prefer hot tea to cold water today.（今天比起冷水，我更喜歡熱茶。）
collar,[ˈkɑlɚ],名詞,領子 / 頸圈,The dog wears a red leather collar with a bell.（這隻狗戴著一個帶有鈴鐺的紅皮頸圈。）
color,[ˈkʌlɚ],名詞,顏色,Blue is my favorite color for a shirt.（藍色是我最喜歡的襯衫顏色。）
comb,[kom],名詞,梳子,She bought a small wooden comb for her hair.（她買了一把小木梳來梳頭髮。）
come,[kʌm],動詞,來,Please come to my house tomorrow afternoon.（請明天下午到我家來。基本英語 18 個核心動詞之一。）
comfort,[ˈkʌmfɚt],名詞,舒適 / 安慰,The warm bed gave great comfort to the tired traveler.（溫暖的床給疲憊的旅人帶來了極大的舒適。）
committee,[kəˈmɪti],名詞,委員會,The committee will make a decision next week.（委員會將在下週做出決定。）
common,[ˈkɑmən],形容詞,常見的 / 共同的,Colds are very common during the winter.（感冒在冬天非常常見。）
company,[ˈkʌmpəni],名詞,公司 / 陪伴,He works for a large trade company in the city.（他在城裡的一家大型貿易公司工作。）
comparison,[kəmˈpærəsn],名詞,比較,"By comparison, this room is bigger than that one.（相較之下，這個房間比那個大。）"
complete,[kəmˈplit],形容詞,完整的 / 完成的,"After years of work, the building is now complete.（經過多年的工作，這棟建築現在已經完工了。）"
competition,[ˌkɑmpəˈtɪʃən],名詞,競爭 / 比賽,He won first prize in the school swimming competition.（他在學校游泳比賽中獲得第一名。）
complex,[kɑmˈplɛks],形容詞,複雜的,The machine has a complex system of gears.（這台機器有一個複雜的齒輪系統。）
condition,[kənˈdɪʃən],名詞,狀況 / 條件,The old car is still in a very good condition.（這輛舊車的狀況依然非常好。）
connection,[kəˈnɛkʃən],名詞,連接 / 關係,There is a close connection between these two events.（這兩起事件之間有密切的關係。）
conscious,[ˈkɑnʃəs],形容詞,有意識的 / 意識到的,He became conscious of someone walking behind him.（他意識到有人走在他後面。）
control,[kənˈtrol],名詞,控制 / 掌管,Drivers must keep control of their speed.（駕駛必須控制好他們的車速。）
cook,[kʊk],名詞,廚師,My father is an excellent cook in our family.（我父親是我們家裡很棒的廚師。）
copper,[ˈkɑpɚ],名詞,紅銅 / 銅,Electrical wires are usually made of copper.（電線通常是由銅製成的。）
copy,[ˈkɑpi],名詞,副本 / 複製品,Please make a copy of this document for me.（請幫我複印一份這份文件的副本。）
cord,[kɔrd],名詞,繩索 / 電線,Tie the box tightly with a thick nylon cord.（用粗尼龍繩把箱子綁緊。）
cork,[kɔrk],名詞,軟木塞,He pulled the cork out of the wine bottle.（他把軟木塞從酒瓶中拔了出來。）
cotton,[ˈkɑtn],名詞,棉花 / 棉織品,This comfortable summer shirt is made of pure cotton.（這件舒適的夏日襯衫是由純棉製成的。）
cough,[kɔf],名詞,咳嗽,He has a bad cough and needs to see a doctor.（他咳得很厲害，需要去看醫生。）
country,[ˈkʌntri],名詞,國家 / 鄉下,Taiwan is a beautiful country surrounded by sea.（台灣是一個被海洋圍繞的美麗國家。）
cover,[ˈkʌvɚ],名詞,封面 / 覆蓋物,Put a clear cover on the book to protect it.（在書上套一個透明書套以保護它。）
cow,[kaʊ],名詞,母牛 / 奶牛,The farmer gets fresh milk from his cow every morning.（農夫每天早上從他的奶牛那裡獲得新鮮牛奶。）
crack,[kræk],名詞,裂縫,There is a small crack in the glass cup.（這個玻璃杯上有一道小裂縫。）
credit,[ˈkrɛdɪt],名詞,信用 / 信譽,You can buy this machine on credit and pay later.（你可以用信用貸款購買這台機器，稍後再付款。）
crime,[kraɪm],名詞,罪行 / 犯罪,Stealing other people's money is a serious crime.（偷竊別人的錢是一項嚴重的罪行。）
cruel,[ˈkruəl],形容詞,殘忍的,It is cruel to keep a wild bird in a small cage.（把野鳥關在小籠子裡是很殘忍的。）
crush,[krʌʃ],名詞 / 動詞的動作,壓碎 / 擁擠的人群,The fall of the heavy stone gave a crush to the tin.（大石頭砸下來把錫罐壓扁了。）
cry,[kraɪ],名詞,哭聲 / 叫喊,We heard a loud cry for help from the river.（我們聽到河裡傳來大聲的呼救聲。）
cup,[kʌp],名詞,杯子,He drank a hot cup of coffee this morning.（他今天早上喝了一杯熱咖啡。）
current,[ˈkɝənt],名詞 / 形容詞,水流 / 當前的,The river current is too strong for swimming.（這條河的水流太急，不適合游泳。）
curtain,[ˈkɝtn],名詞,窗簾,She drew the dark curtain to block the light.（她拉上深色窗簾以阻擋光線。）
curve,[kɝv],名詞,曲線 / 彎道,Slow down the car before you reach the sharp curve.（在到達急彎道之前請放慢車速。）
cushion,[ˈkʊʃən],名詞,墊子 / 靠墊,Place a soft cushion on the hard wooden chair.（在硬木椅上放一個柔軟的靠墊。）
cut,[kʌt],名詞 / 動詞的動作,傷口 / 切割,He got a small cut on his finger from the paper.（他的手指被紙割傷了一個小傷口。）
damage,[ˈdæmɪdʒ],名詞,損害 / 傷害,The storm caused severe damage to the roof.（暴風雨對屋頂造成了嚴重的損害。）
danger,[ˈdendʒɚ],名詞,危險,The signs warned the drivers of the danger ahead.（標誌警告駕駛人前方有危險。）
dark,[dɑrk],形容詞 / 名詞,黑暗的 / 黑暗,It gets dark very early during the winter.（冬天時天黑得非常早。）
daughter,[ˈdɔtɚ],名詞,女兒,They have one son and a younger daughter.（他們有一個兒子和一個較小的女兒。）
day,[de],名詞,白天 / 一天,I work five hours a day at the library.（我每天在圖書館工作五個小時。）
dead,[dɛd],形容詞,死去的,We found a dead bird under the big tree.（我們在大樹下發現了一隻死鳥。）
dear,[dɪr],形容詞,親愛的 / 昂貴的,My dear friend sent me a long letter.（我親愛的朋友寄給我一封長信。）
death,[dɛθ],名詞,死亡,The old leader's death made everyone sad.（老領袖的逝世讓每個人都很悲傷。）
debt,[dɛt],名詞,債務,He worked hard to pay off his bank debt.（他努力工作以還清他的銀行債務。）
decision,[dɪˈsɪʒən],名詞,決定,Have you made a decision about your job?（你對你的工作做出決定了嗎？）
deep,[dip],形容詞,深的,The water in this part of the river is very deep.（這段河水非常深。）
degree,[dɪˈɡri],名詞,度數 / 學位,The temperature dropped by one degree last night.（昨晚溫度下降了一度。）
delicate,[ˈdɛləkɪt],形容詞,精緻的 / 脆弱的,These delicate glass cups break very easily.（這些精緻的玻璃杯非常容易碎。）
dependent,[dɪˈpɛndənt],形容詞,依賴的 / 取決於,Good health is dependent on proper food and exercise.（良好的健康取決於適當的食物和運動。）
design,[dɪˈzaɪn],名詞,設計 / 圖案,I really like the simple design of this house.（我非常喜歡這棟房子簡單的設計。）
desire,[dɪˈzaɪɚ],名詞,慾望 / 渴望,He has a strong desire to travel around the world.（他有周遊世界的強烈渴望。）
destruction,[dɪˈstrʌkʃən],名詞,破壞 / 毀滅,The fire led to the complete destruction of the woods.（這場大火導致了森林的徹底毀滅。）
detail,[ˈditel],名詞,細節,Please tell me every detail of the meeting.（請告訴我會議的每一個細節。）
development,[dɪˈvɛləpmənt],名詞,發展 / 開發,This land is ready for the development of a park.（這片土地已經準備好用來開發公園。）
different,[ˈdɪfərənt],形容詞,不同的,He gave a different answer from his brother.（他給出了一個與他兄弟不同的答案。）
digestion,[daɪˈdʒɛstʃən],名詞,消化,Walking after meals is good for your digestion.（飯後散步對你的消化有好處。）
direction,[dəˈrɛkʃən],名詞,方向 / 指引,They walked in the opposite direction of the station.（他們朝著車站的相反方向走去。）
dirty,[ˈdɝti],形容詞,髒的,Put your dirty clothes into the washing machine.（把你的髒衣服放進洗衣機裡。）
discovery,[dɪˈskʌvəri],名詞,發現,The discovery of America changed world history.（美洲的發現改變了世界歷史。）
discussion,[dɪˈskʌʃən],名詞,討論,We had a long discussion about the new plan.（我們針對這項新計劃進行了長期的討論。）
disease,[dɪˈziz],名詞,疾病,Doctors are working hard to stop this dangerous disease.（醫生們正努力阻止這種危險的疾病。）
disgust,[dɪsˈɡʌst],名詞,厭惡 / 反感,She looked at the dirty room with deep disgust.（她帶著深深的厭惡看著那個髒亂的房間。）
distance,[ˈdɪstəns],名詞,距離,The distance between the two cities is sixty miles.（這兩座城市之間的距離是六十英哩。）
distribution,[ˌdɪstrəˈbjuʃən],名詞,分配 / 分發,The distribution of food to the poor started today.（向窮人分發食物的工作今天開始了。）
division,[dəˈvɪʒən],名詞,分開 / 部門 / 除法,The division of the land caused an argument.（土地的劃分引發了爭論。）
do,[du],動詞,做 / 執行,I will do my best to complete the work early.（我會盡最大努力提早完成這項工作。基本英語核心動詞之一。）
dog,[dɔɡ],名詞,狗,The brown dog barked when the postman came.（郵差來時，那隻棕色的狗叫了。）
door,[dor],名詞,門,Please close the door when you leave the room.（你離開房間時請關上門。）
doubt,[daʊt],名詞,懷疑 / 疑問,There is no doubt that he is a good teacher.（毫無疑問，他是一位好老師。）
down,[daʊn],介系詞 / 副詞,向下,He ran down the stairs to meet his mother.（他跑下樓梯去接他的母親。）
drain,[dren],名詞,排水管 / 排水溝,Water went down the drain in the kitchen.（水從廚房的排水管流了下去。）
drawer,[ˈdrɔɚ],名詞,抽屜,He put the important papers into the top drawer.（他把重要的文件放進最上面的抽屜裡。）
dress,[drɛs],名詞,連身裙 / 服裝,She wore a beautiful blue dress to the party.（她穿著一件美麗的藍色連身裙去參加聚會。）
drink,[drɪŋk],名詞 / 動詞的動作,飲料 / 喝,May I have a cold drink of water?（我可以喝一杯冷水嗎？基本英語中常用作名詞。）
driving,[ˈdraɪvɪŋ],名詞 / 形容詞,駕駛 / 推進的,Safe driving requires a lot of attention.（安全駕駛需要高度的注意力。）
drop,[drɑp],名詞 / 動詞的動作,一滴 / 下降,A drop of rain fell on my face.（一滴雨水落到我的臉上。）
dry,[draɪ],形容詞,乾燥的,The warm wind made the wet clothes dry.（暖風讓濕衣服變乾了。）
dust,[dʌst],名詞,灰塵,The old books on the shelf were covered in dust.（書架上的舊書都沾滿了灰塵。）
ear,[ɪr],名詞,耳朵,A rabbit has long ears to hear sounds clearly.（兔子有長長的耳朵可以清晰地聽到聲音。）
early,[ˈɝli],形容詞 / 副詞,早的 / 早地,He wakes up early in the morning to run.（他早上很早起床去跑步。）
earth,[ɝθ],名詞,地球 / 泥土,The earth moves around the sun.（地球繞著太陽運轉。）
east,[ist],名詞 / 形容詞 / 副詞,東方 / 向東的,The sun rises in the east every morning.（太陽每天早晨從東方升起。）
edge,[ɛdʒ],名詞,邊緣,Do not put the glass cup near the edge of the table.（不要把玻璃杯放在桌子邊緣附近。）
education,[ˌɛdʒəˈkeʃən],名詞,教育,Good education is very important for children.（良好的教育對孩子來說非常重要。）
effect,[ɪˈfɛkt],名詞,效果 / 影響,The medicine had a good effect on his cold.（這藥對他的感冒有很好的效果。）
egg,[ɛɡ],名詞,蛋,She boiled an egg for breakfast.（她煮了一個蛋當早餐。）
elastic,[ɪˈlæstɪk],形容詞 / 名詞,有彈性的 / 橡皮筋,Use an elastic band to tie the papers together.（用橡皮筋把文件綁在一起。）
electric,[ɪˈlɛktrɪk],形容詞,電的 / 動力的,We bought a new electric stove for the kitchen.（我們為廚房買了一個新的電爐。）
end,[ɛnd],名詞,結尾 / 盡頭,Walk to the end of the street and turn left.（走到這條街的盡頭然後向左轉。）
engine,[ˈɛndʒən],名詞,引擎 / 發動機,The car stopped because the engine was too hot.（汽車停了下來，因為引擎太熱了。）
enough,[ɪˈnʌf],形容詞 / 副詞,足夠的 / 足夠地,There is enough food for everyone at the party.（宴會上有足夠每個人吃的食物。）
equal,[ˈikwəl],形容詞,相等的 / 平等的,Two plus two is equal to four.（二加二等於四。）
error,[ˈɛrɚ],名詞,錯誤,There is a small error in your calculation.（你的計算中有一個小錯誤。）
even,[ˈivən],副詞 / 形容詞,甚至 / 偶數的,It was so cold that even the river froze.（天氣太冷了，甚至連河水都結冰了。）
event,[ɪˈvɛnt],名詞,事件 / 活動,The school sports event will take place tomorrow.（學校的體育活動將在明天舉行。）
ever,[ˈɛvɚ],副詞,曾經 / 永遠,Have you ever seen a blue bird?（你曾經見過藍色的鳥嗎？）
every,[ˈɛvri],形容詞,每一個,Every student must bring a book to class.（每個學生都必須帶一本書來上課。）
example,[ɪɡˈzæmpl],名詞,例子 / 榜樣,Please give me an example of how to use this word.（請給我一個如何使用這個字的例子。）
exchange,[ɪksˈtʃendʒ],名詞 / 動詞的動作,交換,We had a friendly exchange of ideas during the meeting.（我們在會議中進行了友好的意見交換。）
existence,[ɪɡˈzɪstəns],名詞,存在,Scientists doubt the existence of life on that planet.（科學家懷疑那個星球上存在生命。）
expansion,[ɪkˈspænʃən],名詞,擴張 / 膨脹,Heat causes the expansion of metal.（熱會導致金屬膨脹。）
experience,[ɪkˈspɪrɪəns],名詞,經驗 / 經歷,She has five years of experience as a teacher.（她有五年擔任教師的經驗。）
expert,[ˈɛkspɚt],名詞 / 形容詞,專家 / 專門的,He is an expert in repairing old clocks.（他是修理舊時鐘的專家。）
eye,[aɪ],名詞,眼睛,Close your eyes and go to sleep.（閉上你的眼睛，去睡覺吧。）
face,[fes],名詞,臉,She had a big smile on her face.（她的臉上帶著燦爛的笑容。）
fact,[fækt],名詞,事實,It is a fact that the earth is round.（地球是圓的是一個事實。）
fall,[fɔl],名詞 / 動詞的動作,落下 / 秋天,The sudden fall of snow covered the ground.（突降的大雪覆蓋了地面。）
FALSE,[fɔls],形容詞,錯誤的 / 虛假的,Is the statement true or false?（這個陳述是正確的還是錯誤的？）
family,[ˈfæməli],名詞,家庭 / 家人,My family lives in a small town near the sea.（我的家人住在海邊的一個小鎮上。）
far,[fɑr],形容詞 / 副詞,遠的 / 遠地,The station is not far from our house.（車站離我們家不遠。）
farm,[fɑrm],名詞,農場,They grow rice and vegetables on their farm.（他們在他們的農場上種植稻米和蔬菜。）
fat,[fæt],形容詞 / 名詞,胖的 / 脂肪,The pig grew very fat after a few months.（幾個月後，這隻豬長得很胖。）
father,[ˈfɑðɚ],名詞,父親,My father works in a large trade company.（我父親在一家大型貿易公司工作。）
fear,[fɪr],名詞,害怕 / 恐懼,The little child has a fear of the dark.（這個小孩子害怕黑暗。）
feather,[ˈfɛðɚ],名詞,羽毛,A bird's feather is very light and soft.（鳥的羽毛非常輕且柔軟。）
feeble,[ˈfibl],形容詞,微弱的 / 虛弱的,The old man made a feeble attempt to walk.（老人做出了微弱的嘗試想走路。）
feeling,[ˈfilɪŋ],名詞,感覺 / 情感,I have a feeling that it will rain today.（我有一種今天會下雨的感覺。）
female,[ˈfimel],形容詞 / 名詞,女性的 / 雌性的,A female bird is sitting on the eggs.（一隻雌鳥正坐在蛋上。）
fertile,[ˈfɝtl],形容詞,肥沃的,The soil near the river is very fertile.（河流附近的土地非常肥沃。）
fiction,[ˈfɪkʃən],名詞,小說 / 虛構,I prefer reading true stories to fiction.（比起虛構小說，我更喜歡讀真實的故事。）
field,[fild],名詞,田地 / 領域,The cows are eating grass in the green field.（母牛正在綠色的田地裡吃草。）
fight,[faɪt],名詞,打架 / 戰鬥,The two boys had a fight about the toy.（那兩個男孩為了玩具打了起來。）
finger,[ˈfɪŋɡɚ],名詞,手指,He hurt his index finger with a needle.（他的食指被針弄傷了。）
fire,[faɪr],名詞,火 / 火災,We sat near the fire to keep ourselves warm.（我們坐在火堆旁取暖。）
first,[fɝst],形容詞 / 副詞,第一的 / 首先,This is my first time visiting Taiwan.（這是我第一次造訪台灣。）
fish,[fɪʃ],名詞,魚,A small fish is swimming in the glass bowl.（一隻小魚正在玻璃碗裡游著。）
fixed,[fɪkst],形容詞,固定的 / 確定的,The meeting will take place at a fixed time.（會議將在固定的時間舉行。）
flag,[flæɡ],名詞,旗幟,The national flag was flying in the wind.（國旗在風中飄揚。）
flame,[flem],名詞,火焰,The flame of the candle was bright and yellow.（蠟燭的火焰又亮又黃。）
flat,[flæt],形容詞,平的 / 平坦的,"The earth looks flat, but it is actually round.（大地看起來是平的，但實際上是圓的。）"
flight,[flaɪt],名詞,飛行 / 航班,Our flight to Paris will leave at eight.（我們去巴黎的航班將在八點起飛。）
floor,[flor],名詞,地板 / 樓層,Please wipe the water off the kitchen floor.（請把廚房地板上的水擦乾淨。）
flower,[ˈflaʊɚ],名詞,花朵,He gave his mother a beautiful red flower.（他給了他母親一朵美麗的紅花。）
fly,[flaɪ],名詞,蒼蠅,A fly is buzzing around the sweet food.（一隻蒼蠅在甜食周圍嗡嗡作響。）
fold,[fold],名詞 / 動詞的動作,摺痕 / 摺疊,Make a clean fold in the middle of the paper.（在紙的張中間做出整齊的摺痕。）
food,[fud],名詞,食物,Rice and bread are common types of food.（米飯和麵包是常見的食物種類。）
foolish,[ˈfulɪʃ],形容詞,愚蠢的,It was foolish of him to lose his money.（他把錢弄丟了真是愚蠢。）
foot,[fʊt],名詞,腳 / 英尺,He put his left foot into the cold water.（他把他的左腳伸進冷水裡。）
for,[fɔr],介系詞,為了 / 給 / 持續,I bought this warm coat for my father.（我為我父親買了這件厚大衣。）
force,[fɔrs],名詞,力量 / 強迫,The strong force of the wind broke the window.（強風的力量吹碎了窗戶。）
fork,[fɔrk],名詞,叉子,Use a fork and a knife to eat the meat.（用叉子和刀子吃肉。）
form,[fɔrm],名詞,表格 / 形狀,Please fill out this application form now.（請現在填寫這張申請表。）
forward,[ˈfɔrwɚd],副詞 / 形容詞,向前,He took one step forward to speak to me.（他向前走了一步與我說話。）
fowl,[faʊl],名詞,家禽（雞、鴨等）,"The farmer keeps ducks, geese, and other fowl.（農夫飼養鴨、鵝和其他家禽。）"
frame,[frem],名詞,框架 / 鏡框,She put her family photo in a wooden frame.（她把全家福相片放在木製相框裡。）
free,[fri],形容詞,自由的 / 免費的,You are free to leave whenever you like.（你隨時可以自由離開。）
frequent,[ˈfrikwənt],形容詞,頻繁的,He made frequent visits to the hospital.（他頻繁地前往醫院就診。）
friend,[frɛnd],名詞,朋友,He is a good friend of mine from school.（他是我學校裡的一位好朋友。）
from,[frʌm],介系詞,來自 / 從...起,I received a long letter from my brother.（我收到一封來自兄弟的長信。）
front,[frʌnt],名詞 / 形容詞,前面 / 前方的,The garden is at the front of the house.（花園在房子的前面。）
fruit,[frut],名詞,水果,Apple is a sweet and healthy kind of fruit.（蘋果是一種甜美且健康的水果。）
full,[fʊl],形容詞,滿的 / 飽的,The glass bottle is full of fresh water.（這個玻璃瓶裝滿了新鮮的水。）
future,[ˈfjutʃɚ],名詞 / 形容詞,未來 / 未來的,No one can tell what will happen in the future.（沒有人能預料未來會發生什麼事。）
garden,[ˈɡɑrdn],名詞,花園,There are many beautiful flowers in the garden.（花園裡有許多美麗的花朵。）
general,[ˈdʒɛnərəl],形容詞 / 名詞,一般的 / 將軍,This is a matter of general interest.（這是一個一般大眾都感興趣的事項。）
get,[ɡɛt],動詞,得到 / 獲得,Please get a cup of warm water for me.（請幫我拿一杯溫水。基本英語 18 個核心動詞之一。）
girl,[ɡɝl],名詞,女孩,The little girl is playing with a doll.（那個小女孩正在玩洋娃娃。）
give,[ɡɪv],動詞,給予,I will give this useful book to my friend.（我會把這本有用的書給我的朋友。基本英語 18 個核心動詞之一。）
glass,[ɡlæs],名詞,玻璃 / 玻璃杯,The window is made of thick and clear glass.（窗戶是由厚實透明的玻璃製成的。）
glove,[ɡlʌv],名詞,手套,Wear your leather gloves; it is cold.（戴上你的皮手套，天氣很冷。）
go,[ɡo],動詞,去 / 前往,We will go to the market after breakfast.（我們早餐後要去市場。基本英語 18 個核心動詞之一。）
goat,[ɡot],名詞,山羊,The white goat is eating grass on the hill.（那隻白山羊正在山上吃草。）
gold,[ɡold],名詞 / 形容詞,黃金 / 金製的,Her beautiful ring is made of pure gold.（她那隻美麗的戒指是由純金製成的。）
good,[ɡʊd],形容詞,好的,Reading books is a good habit for everyone.（讀書對每個人來說都是個好習慣。）
government,[ˈɡʌvɚnmənt],名詞,政府,The government built a new school here.（政府在這裡建了一所新學校。）
grain,[ɡren],名詞,穀物 / 顆粒,The birds are looking for grain on the ground.（鳥兒正在地上尋找穀物。）
grass,[ɡræs],名詞,草 / 草地,The children are sitting on the green grass.（孩子們正坐在綠色的草地上。）
great,[ɡret],形容詞,偉大的 / 巨大的,He is a great writer who wrote many books.（他是一位寫了許多書的偉大作家。）
green,[ɡrin],形容詞 / 名詞,綠色的 / 綠色,The leaves of the trees turn green in spring.（樹葉在春天變成綠色。）
grey / gray,[ɡre],形容詞 / 名詞,灰色的 / 灰色,The old man has short grey hair.（那位老人留著短灰髮。）
grip,[ɡrɪp],名詞 / 動詞的動作,緊握 / 掌控,He kept a firm grip on the heavy bag.（他緊緊握住那個沉重的袋子。）
group,[ɡrup],名詞,小組 / 團體,A group of students went to the library.（一組學生去了圖書館。）
growth,[ɡroθ],名詞,生長 / 增長,Proper food is necessary for the growth of children.（適當的食物對兒童的生長是必須的。）
guide,[ɡaɪd],名詞,導遊 / 指南,The tour guide showed us the old castle.（導遊帶我們參觀了那座古堡。）
gun,[ɡʌn],名詞,槍械,The soldier carried a heavy gun on his back.（士兵背上背著一把沉重的槍。）
hair,[hɛr],名詞,頭髮 / 毛髮,"She has long, dark hair.（她留著烏黑的長髮。）"
hammer,[ˈhæmɚ],名詞,鐵錘,Use a hammer to put the nail into the wall.（用鐵錘把釘子敲進牆裡。）
hand,[hænd],名詞,手,Always wash your hands before you eat.（飯前務必洗手。）
hanging,[ˈhæŋɪŋ],形容詞 / 名詞,懸掛的 / 絞刑,There is a beautiful picture hanging on the wall.（牆上掛著一張美麗的畫。）
happy,[ˈhæpi],形容詞,快樂的,We are happy to hear the good news.（我們很高興聽到這個好消息。）
harbor,[ˈhɑrbɚ],名詞,港口 / 海港,Many large boats are resting in the harbor.（許多大船正停泊在港口中。）
hard,[hɑrd],形容詞 / 副詞,硬的 / 困難的 / 努力地,Diamond is a very hard stone. / He works hard.（鑽石是極硬的石頭。/ 他努力工作。）
harmony,[ˈhɑrməni],名詞,和諧 / 融洽,They live in perfect harmony with their neighbors.（他們與鄰居相處得非常融洽。）
hat,[hæt],名詞,帽子,Put on your hat before going out into the sun.（到陽光下之前先戴上帽子。）
hate,[het],名詞 / 動詞的動作,仇恨 / 憎恨,He showed great hate towards the cruel enemy.（他對殘暴的敵人展現了極大的恨意。）
have,[hæv],動詞,有 / 擁有,I have two books in my bag.（我包包裡有兩本書。基本英語 18 個核心動詞之一。）
he,[hi],代名詞,他,He is a famous engineer at the factory.（他是那家工廠著名的工程師。）
head,[hɛd],名詞,頭部 / 首領,Wear a helmet to protect your head.（戴上安全帽以保護你的頭部。）
healthy,[ˈhɛlθi],形容詞,健康的,Proper food keeps your body healthy.（適當的食物能保持身體健康。）
hearing,[ˈhɪrɪŋ],名詞,聽覺 / 聽力,The old man has excellent hearing.（那位老人的聽力非常好。）
heart,[hɑrt],名詞,心臟 / 核心,Regular exercise is good for your heart.（規律運動對你的心臟有好處。）
heat,[hit],名詞,熱度 / 高溫,The extreme heat of the summer made us tired.（夏天的高溫讓我們感到疲倦。）
help,[hɛlp],名詞 / 動詞的動作,幫助,Thank you for your help with my project.（謝謝你對我專案的幫助。）
here,[hɪr],副詞,這裡,Come here and look at this beautiful flower.（過來這裡看看這朵美麗的花。）
high,[haɪ],形容詞,高的,The plane flew high above the high mountains.（飛機在高山之上高高飛過。）
history,[ˈhɪstəri],名詞,歷史,We love to read books about world history.（我們喜歡讀關於世界歷史的書。）
hole,[hol],名詞,洞 / 孔,The little rabbit ran into a hole in the ground.（小兔子跑進了地上的洞裡。）
hollow,[ˈhɑlo],形容詞,空心的 / 凹陷的,Owls often live in a hollow tree branch.（貓頭鷹常住在空心的樹枝裡。）
hook,[hʊk],名詞,鉤子,Hang your warm coat on the hook behind the door.（把你的厚大衣掛在門後的鉤子上。）
hope,[hop],名詞,希望,There is still a strong hope of winning the game.（贏得這場比賽依然保有很大的希望。）
horn,[hɔrn],名詞,獸角 / 喇叭,The goat has two sharp horns on its head.（那隻山羊頭上有兩隻尖銳的角。）
horse,[hɔrs],名詞,馬,The farmer rode his black horse to the market.（農夫騎著他的黑馬去市場。）
hospital,[ˈhɑspɪtl],名詞,醫院,The sick child was sent to the modern hospital.（生病的孩子被送往那家現代化的醫院。）
hour,[ˈaʊɚ],名詞,小時,We walked for one hour around the beautiful lake.（我們沿著美麗的湖泊散步了一個小時。）
house,[haʊs],名詞,房屋 / 房子,They live in a white house near the high school.（他們住在中學附近的一棟白房子裡。）
how,[haʊ],副詞,如何 / 怎樣,Please tell me how to use this automatic machine.（請告訴我如何使用這台自動化機器。）
humor,[ˈbjumɚ],名詞,幽默感,The teacher is full of humor and makes us laugh.（老師充滿幽默感，總是讓我們大笑。）
I,[aɪ],代名詞,我,I am reading an interesting book about nature.（我正在讀一本關於大自然的有趣書籍。）
ice,[aɪs],名詞,冰,"Put some ice into my cup of water, please.（請放些冰塊到我的水杯裡。）"
idea,[aɪˈdiə],名詞,想法 / 主意,He came up with an excellent idea to save money.（他想出了一個省錢的好主意。）
if,[ɪf],連接詞,如果,"If it rains tomorrow, we will stay at home.（如果明天地下雨，我們就待在家裡。）"
ill,[ɪl],形容詞,生病的,She stayed in bed because she felt very ill.（因為她覺得病得很厲害，所以躺在床上。）
important,[ɪmˈpɔrtnt],形容詞,重要的,It is important to double-check the record.（仔細覆核這項紀錄是很重要的。）
impulse,[ˈɪmpʌls],名詞,衝動 / 推動力,He had a sudden impulse to buy that expensive watch.（他突然有一股衝動想買那隻昂貴的手錶。）
in,[ɪn],介系詞,在...裡面,The key is in the drawer of the desk.（鑰匙在書桌的抽屜裡。）
increase,[ɪnˈkris],名詞,增加 / 增長,There is a steady increase in the price of gold.（黃金價格正在穩定增長。）
industry,[ˈɪndəstri],名詞,工業 / 產業,The car industry employs many process engineers.（汽車工業雇用了許多製程工程師。）
ink,[ɪŋk],名詞,墨水,Please fill my black pen with some fresh ink.（請幫我的黑筆加點新鮮墨水。）
insect,[ˈɪnsɛkt],名詞,昆蟲,An ant is a small and hard-working insect.（螞蟻是一種弱小且勤勞的昆蟲。）
instrument,[ˈɪnstrəmənt],名詞,儀器 / 工具 / 樂器,The laboratory has a complex instrument for testing.（實驗室有一台用於檢測的複雜儀器。）
insurance,[ɪnˈʃʊrəns],名詞,保險,He paid for car insurance to protect his new vehicle.（他支付了汽車保險以保護他的新車。）
interest,[ˈɪntrɪst],名詞,興趣 / 利息,He shows a deep interest in value investing.（他對價值投資展現了深厚的興趣。）
invention,[ɪnˈvɛnʃən],名詞,發明,The invention of the electric light bulb changed our lives.（電燈泡的發明改變了我們的生活。）
iron,[ˈaɪɚn],名詞 / 形容詞,鐵 / 鐵製的,The strong bridge is built of solid iron.（那座堅固的橋樑是由實鐵建造的。）
island,[ˈaɪlənd],名詞,島嶼,Taiwan is a beautiful island with green mountains.（台灣是一個擁有翠綠山巒的美麗島嶼。）
jelly,[ˈdʒɛli],名詞,果凍 / 膠狀物,The children love to eat sweet apple jelly.（孩子們喜歡吃甜甜的蘋果果凍。）
jewel,[ˈdʒuəl],名詞,珠寶 / 首飾,She keeps her expensive jewels in a safe box.（她把昂貴的珠寶存在保險箱裡。）
join,[dʒɔɪn],名詞 / 動詞的動作,接合處 / 加入,You can see the join where the two pipes meet.（你可以看到兩條管路交會的接合處。基本英語中常用名詞代表動作結果。）
journey,[ˈdʒɝni],名詞,旅程 / 旅行,They took a long train journey to Paris last year.（他們去年搭乘了長途火車前往巴黎旅行。）
judge,[dʒʌdʒ],名詞,法官 / 裁判,The judge listened carefully to the whole story.（法官仔細聆聽了整個故事的始末。）
jump,[dʒʌmp],名詞 / 動詞的動作,跳躍,The horse made a great jump over the wooden fence.（那匹馬高高地跳過了木製圍籬。）
keep,[kip],動詞,保持 / 保存 / 維持,Please keep the room clean and quiet.（請保持房間乾淨與安靜。基本英語 18 個核心動詞之一。）
kettle,[ˈkɛtl],名詞,水壺,Put the kettle on the stove to boil some water.（把水壺放在爐子上燒些水。）
key,[ki],名詞,鑰匙,He turned the key in the lock to open the door.（他轉動鎖裡的鑰匙把門打開。）
kick,[kɪk],名詞 / 動詞的動作,踢,He gave a strong kick to the football.（他用力地踢了一腳足球。）
kind,[kaɪnd],形容詞 / 名詞,仁慈的 / 種類,What kind of fruit do you prefer?（你比較喜歡哪一種水果？）
kiss,[kɪs],名詞 / 動詞的動作,接吻 / 吻,She gave her baby a sweet kiss on the cheek.（她在寶寶的臉頰上輕輕吻了一下。）
knee,[ni],名詞,膝蓋,He hurt his left knee while working in the garden.（他在花園工作時弄傷了左膝。）
knife,[naɪf],名詞,刀子,This sharp knife has a thin steel blade.（這把鋒利的刀子有一個薄鋼刀刃。）
knot,[nɑt],名詞,繩結,Tie a tight knot at the end of the cord.（在繩索的盡頭打一個緊緊的結。）
knowledge,[ˈnɑlɪdʒ],名詞,知識,Reading gives us a lot of useful knowledge.（閱讀帶給我們許多實用的知識。）
land,[lænd],名詞,土地 / 陸地,The farmer bought a piece of land to grow vegetables.（農夫買了一塊地來種植蔬菜。）
language,[ˈlæŋɡwɪdʒ],名詞,語言,English is a useful language for international trade.（英語是國際貿易中非常實用的語言。）
last,[læst],形容詞 / 副詞,最後的 / 最近的,This is the last train to the city tonight.（這是今晚前往市區的最後一班火車。）
late,[let],形容詞 / 副詞,遲的 / 晚的,He was late for the meeting because of the traffic.（因為交通原因，他開會遲到了。）
laugh,[læf],名詞 / 動詞的動作,笑聲,Her happy laugh made everyone in the room smile.（她快樂的笑聲讓房間裡的每個人都露出了笑容。）
law,[lɔ],名詞,法律,Everyone must obey the law of the country.（每個人都必須遵守國家的法律。）
lead,[lɛd] / [lid],名詞,鉛 / 領先,The pipes are made of lead. / He took the lead in the race.（這些管路是由鉛製成的。/ 他在比賽中處於領先。）
leaf,[lif],名詞,樹葉,A green leaf fell from the tall tree branch.（一片綠葉從高高的樹枝上落了下來。）
learning,[ˈlɝnɪŋ],名詞,學習 / 知識,A library is an excellent place for learning.（圖書館是學習的絕佳場所。）
leather,[ˈlɛðɚ],名詞 / 形容詞,皮革 / 皮製的,He wore a black leather coat during his journey.（他在旅途中穿著一件黑色皮大衣。）
left,[lɛft],形容詞 / 副詞 / 名詞,左邊的 / 向左,Turn left at the end of the straight road.（在這條直路的盡頭向左轉。）
leg,[lɛɡ],名詞,腿部,The table has four strong wooden legs.（這張桌子有四隻堅固的木製桌腳。）
let,[lɛt],動詞,讓 / 允許,Please let me use your computer for a minute.（請讓我借用一下你的電腦。基本英語 18 個核心動詞之一。）
letter,[ˈlɛtɚ],名詞,信件 / 字母,I sent a long letter to my family yesterday.（我昨天寄了一封長信給我的家人。）
level,[ˈlɛvəl],名詞 / 形容詞,水平 / 平的,Check the water level in the tank regularly.（定期檢查水箱中的水位。）
library,[ˈlaɪbrɛri],名詞,圖書館,I go to the public library to read books on weekends.（我週末去公共圖書館讀書。）
lift,[lɪft],名詞 / 動詞的動作,電梯 / 抬起,Take the lift to the fifth floor of the building.（搭乘電梯到大樓的五樓。）
light,[laɪt],名詞 / 形容詞,光線 / 輕的 / 明亮的,The sun gives us light and heat during the day.（太陽在白天給予我們光和熱。）
like,[laɪk],介系詞 / 連接詞 / 形容詞,像 / 如同,The baby looks just like his older brother.（這寶寶長得就像他的哥哥一樣。）
limit,[ˈlɪmɪt],名詞,限制 / 限度,There is a speed limit of sixty miles an hour here.（這裡有每小時六十英哩的時速限制。）
line,[laɪn],名詞,線條 / 隊伍,Draw a straight line on the white paper with a pencil.（用鉛筆在白紙上畫一條直線。）
linen,[ˈlɪnɪn],名詞 / 形容詞,亞麻布 / 亞麻製的,These high-quality sheets are made of pure linen.（這些高品質的床單是由純亞麻布製成的。）
lip,[lɪp],名詞,嘴唇,He touched his dry lip with his finger.（他用手指碰了碰自己乾燥的嘴唇。）
liquid,[ˈlɪkwɪd],名詞 / 形容詞,液體 / 液態的,Water is a clear liquid that we need every day.（水是我們每天都需要的透明液體。）
list,[lɪst],名詞,清單,Write a list of the goods you need to buy.（寫下你需要購買的物品清單。）
"little (less, least)","[ˈlɪtl] ([lɛs], [list])",形容詞,少的 / 小的,The little girl has less sugar than her brother.（這個小女孩分到的糖比她哥哥少。）
living,[ˈlɪvɪŋ],形容詞 / 名詞,活著的 / 生計,He makes a living by selling beautiful art.（他靠販售美麗的藝術品維持生計。）
lock,[lɑk],名詞,鎖,The iron lock on the wooden door is broken.（木門上的鐵鎖壞了。）
long,[lɔŋ],形容詞,長的,The train journey from Hsinchu to Taipei is not long.（從新竹到台北的火車旅程並不長。）
look,[lʊk],名詞 / 動詞的動作,看 / 外觀,Take a careful look at this technical document.（仔細看一下這份技術文件。）
loose,[lus],形容詞,鬆的,The screw on the machine handle is loose.（機器手把上的螺絲鬆了。）
loss,[lɔs],名詞,損失,The company suffered a great financial loss this year.（公司今年遭受了巨大的財務損失。）
loud,[laʊd],形容詞 / 副詞,大聲的,A loud noise came from the factory building.（工廠大樓裡傳出一聲巨響。）
love,[lʌv],名詞,愛 / 熱愛,A mother's love for her children is very great.（母親對孩子的愛是非常偉大的。）
low,[lo],形容詞,低的,The temperature is very low in the high mountains.（高山上的溫度非常低。）
machine,[məˈʃin],名詞,機器,This automatic machine is used for packing food.（這台自動化機器是用來包裝食物的。）
make,[mek],動詞,製造 / 做 / 使,He can make a beautiful table out of wood.（他能用木頭做一張漂亮的桌子。基本英語 18 個核心動詞之一。）
male,[mel],形容詞 / 名詞,男性的 / 雄性的,The male bird has more colorful feathers than the female.（雄鳥的羽毛比雌鳥更鮮豔。）
man,[mæn],名詞,男人 / 人類,The old man walked slowly down the straight street.（那位老人沿著筆直的街道緩慢走著。）
manager,[ˈmænɪdʒɚ],名詞,經理 / 主管,The factory manager signed the validation protocol.（工廠經理簽署了驗證協議。）
map,[mæp],名詞,地圖,We used a detailed map to find our way in Paris.（我們用一張詳細的地圖在巴黎找路。）
mark,[mɑrk],名詞,標記 / 分數,There is a dark mark on the white shirt.（那件白襯衫上有一個深色的污漬標記。）
market,[ˈmɑrkɪt],名詞,市場,She bought fresh fruit and vegetables at the market.（她在市場買了新鮮的水果和蔬菜。）
married,[ˈmærid],形容詞,已婚的,They have been married for five happy years.（他們已經過了五年的幸福婚姻生活。）
match,[mætʃ],名詞,比賽 / 火柴 / 配對,He struck a match to light the candle in the dark.（他在黑暗中劃了一根火柴來點燃蠟燭。）
material,[məˈtɪrɪəl],名詞,材料 / 原料,Steel is an important material for building bridges.（鋼是建造橋樑的重要材料。）
mass,[mæs],名詞,塊 / 大量 / 質量,A large mass of snow fell from the mountain top.（一大塊積雪從山頂落了下來。）
may,[me],動詞,可能 / 可以,You may use my pen to fill out this form.（你可以用我的筆填寫這張表單。基本英語核心助動詞之一。）
meal,[mil],名詞,一餐 / 膳食,Breakfast is the most important meal of the day.（早餐是一天當中最重要的一餐。）
measure,[ˈmɛʒɚ],名詞,測量 / 尺寸 / 措施,Take a careful measure of the room before buying a bed.（買床之前，請仔細測量房間的尺寸。）
meat,[mit],名詞,肉類,He does not eat meat; he prefers vegetables.（他不吃肉，他比較喜歡蔬菜。）
medical,[ˈmɛdəkəl],形容詞,醫療的 / 文學的,The sick child received excellent medical care.（生病的孩子得到了極佳的醫療照顧。）
meeting,[ˈmitɪŋ],名詞,會議 / 聚會,The important project meeting will start at ten o'clock.（重要的專案會議將在十點鐘開始。）
memory,[ˈmɛməri],名詞,記憶 / 回憶,The old grandmother has a very good memory.（老祖母的記憶力非常好。）
metal,[ˈmɛtl],名詞 / 形容詞,金屬 / 金屬製的,The heavy box has a strong metal handle.（那個沉重的箱子有一個堅固的金屬把手。）
middle,[ˈmɪdl],名詞 / 形容詞,中間 / 中央的,Place the flower vase right in the middle of the table.（把花瓶放在桌子的正中間。）
military,[ˈmɪləˌtɛri],形容詞 / 名詞,軍事的 / 軍隊,He wore his formal military coat to the event.（他穿著正式的軍大衣出席活動。）
milk,[mɪlk],名詞,牛奶,Drinking warm milk before bed helps you sleep.（睡前喝溫牛奶能幫你入睡。）
mind,[maɪnd],名詞,心智 / 頭腦 / 想法,Keep an open mind when learning new knowledge.（學習新知識時要保持開放的心態。）
mine,[maɪn],代名詞 / 名詞,我的（所有格代名詞）/ 礦坑,"This book is mine, not my brother's. / He works in a gold mine.（這本書是我的。/ 他在金礦工作。）"
minute,[ˈmɪnɪt],名詞,分鐘,Please wait for one minute; I am almost ready.（請等一分鐘，我幾乎準備好了。）
mist,[mɪst],名詞,薄霧,A light mist covered the river early this morning.（今天清晨，一層薄霧籠罩著河流。）
mixed,[mɪkst],形容詞,混合的,Put the mixed vegetables into the boiling water.（把混合蔬菜放進沸騰的水中。）
money,[ˈmʌni],名詞,金錢,He saved a large amount of money to buy a car.（他存了很大一筆錢想買車。）
monkey,[ˈmʌŋki],名詞,猴子,A little monkey is climbing the tall tree branch.（一隻小猴子正在爬高高的樹枝。）
month,[mʌnθ],名詞,月份,June is the sixth month of the year.（六月是一年中的第六個月。）
moon,[mun],名詞,月亮,The bright moon gave light to the dark street.（明亮的月光照亮了黑暗的街道。）
morning,[ˈmɔrnɪŋ],名詞,早晨 / 上午,I usually go for a short walk in the morning.（我通常在早晨去散一下步。）
mother,[ˈmʌðɚ],名詞,母親,The mother kissed her sleeping baby girl.（母親吻了她正在熟睡的女嬰。）
motion,[ˈmoʃən],名詞,運動 / 移動 / 提議,The steady motion of the train made me sleepy.（火車穩定的移動讓我昏昏欲睡。）
mountain,[ˈmaʊntn],名詞,山脈 / 高山,There is still dark green forest on the high mountain.（高山上依然有深綠色的森林。）
mouth,[maʊθ],名詞,嘴巴,Open your mouth so the doctor can take a look.（張開你的嘴，好讓醫生看一下。）
move,[muv],名詞 / 動詞的動作,移動 / 舉動,It was a wise move to double-check the figures.（覆核這些數據是一個明智的舉動。）
much (more, most),"[mʌtʃ] ([mor], [most])",形容詞 / 副詞,許多的 / 更 / 最
muscle,[ˈmʌsl],名詞,肌肉,Heavy strength training helps to build strong muscle.（重量力量訓練有助於建立強壯的肌肉。）
music,[ˈmjuzɪk],名詞,音樂,Listening to beautiful music can help you relax.（聆聽美妙的音樂可以幫助你放鬆。）
nail,[nel],名詞,釘子 / 指甲,He used a heavy hammer to drive the nail into wood.（他用一把重鐵錘把釘子敲進木頭裡。）
name,[nem],名詞,名字,Please write your full name on the list.（請在清單上寫下您的全名。）
narrow,[ˈnæro],形容詞,狹窄的,The car could not pass through the narrow street.（汽車無法通過那條狹窄的街道。）
nation,[ˈneʃən],名詞,國家 / 民族,Every nation has its own unique history and art.（每個國家都有其獨特的歷史和藝術。）
natural,[ˈnætʃərəl],形容詞,自然的 / 天然的,Milk is a natural food that is good for children.（牛奶是一種對兒童有好處的天然食物。）
near,[nɪr],介系詞 / 形容詞 / 副詞,靠近 / 附近的,Our house is very near the high school.（我們家離中學非常近。）
necessary,[ˈnɛsəˌsɛri],形容詞,必要的,Proper training is necessary for safe driving.（適當的培訓對於安全駕駛是必要的。）
neck,[nɛk],名詞,脖子 / 頸部,She wore a beautiful gold chain around her neck.（她脖子上戴著一條美麗的金鏈子。）
need,[nid],名詞,需要 / 需求,There is an urgent need for fresh water in the town.（鎮上對淡水有迫切的需求。）
needle,[ˈnidl],名詞,針,She used a small steel needle to fix the shirt.（她用一支小鋼針來修補襯衫。）
nerve,[nɝv],名詞,神經 / 勇氣,The optical nerve connects the eye to the brain.（視神經將眼睛與大腦連接起來。）
net,[nɛt],名詞,網 / 網狀物,The fisherman caught many fish with his large net.（漁夫用他的大網捕到了許多魚。）
new,[nu],形容詞,新的,He bought a new automatic camera yesterday.（他昨天買了一台新的自動相機。）
news,[nuz],名詞,新聞 / 消息,We were happy to hear the good news of your success.（我們很高興聽到你成功的好消息。）
night,[naɪt],名詞,夜晚,The sky was full of bright stars last night.（昨晚的天空布滿了明亮的星星。）
no,[no],形容詞 / 副詞,沒有 / 不,There is no water left in the glass bottle.（玻璃瓶裡沒有留下一點水。）
noise,[nɔɪz],名詞,噪音 / 聲音,A loud noise came from the broken engine.（壞掉的引擎傳出一聲巨響。）
normal,[ˈnɔrml],形容詞,正常的 / 正規的,His body temperature is completely normal today.（他今天的體溫完全正常。）
north,[nɔrθ],名詞 / 形容詞 / 副詞,北方 / 向北的,The cold wind blows from the north in winter.（冬天冷風從北方吹來。）
nose,[noz],名詞,鼻子,The brown dog has a very keen nose for smell.（那隻棕色狗的鼻子對氣味非常靈敏。）
not,[nɑt],副詞,不 / 不是,This book is not mine; it belongs to my brother.（這本書不是我的，它是我兄弟的。）
note,[not],名詞,筆記 / 便條 / 音符,He wrote a short note to remind himself of the meeting.（他寫了一張短便條來提醒自己開會。）
now,[naʊ],副詞,現在,Please come here now; we need your help.（請現在過來，我們需要你的幫助。）
number,[ˈnʌmbɚ],名詞,數字 / 數量,A large number of students visited the library.（大批學生參觀了圖書館。）
nut,[nʌt],名詞,堅果 / 螺帽,An ant was carrying a small piece of nut.（一隻螞蟻正搬著一小塊堅果。）
observation,[ˌɑbzɚˈveʃən],名詞,觀察 / 觀測,The scientist made a careful observation of the liquid.（科學家對該液體進行了仔細的觀察。）
of,[ʌv],介系詞,...的 / 關於,The cover of the book is bright red.（這本書的封面是鮮紅色的。）
off,[ɔf],介系詞 / 副詞,離開 / 關掉,Please turn off the electric stove before leaving.（離開前請關閉電爐。）
offer,[ˈɔfɚ],名詞 / 動詞的動作,提供 / 提議,Thank you for your kind offer of help.（謝謝你熱心提供幫助。）
office,[ˈɔfɪs],名詞,辦公室,His office is on the fifth floor of the building.（他的辦公室在大樓的五樓。）
oil,[ɔɪl],名詞,油 / 石油,Put some olive oil into the mixed vegetables.（在沙拉蔬菜中加入一些橄欖油。）
old,[old],形容詞,年老的 / 舊的,The old man lives in a beautiful wooden house.（那位老人住在一棟美麗的木屋裡。）
on,[ɑn],介系詞 / 副詞,在...之上 / 進行中,The key is resting on the kitchen table.（鑰匙正放在廚房桌上。）
only,[ˈonli],形容詞 / 副詞,只有 / 唯一的,He is the only student who passed the hard test.（他是唯一通過這場硬核測試的學生。）
open,[ˈopən],形容詞,開放的 / 打開的,Please keep the window open for fresh air.（請保持窗戶打開以引入新鮮空氣。）
operation,[ˌɑpəˈreʃən],名詞,操作 / 運作 / 手術,The smooth operation of the machine is important.（機器的順暢運作非常重要。）
opinion,[əˈpɪnjən],名詞,意見 / 看法,"In my opinion, honesty is the best policy.（依我看，誠實是最好的策略。）"
opposite,[ˈɑpəzɪt],形容詞 / 名詞,相反的 / 對面,They walked in the opposite direction of the station.（他們朝著車站的相反方向走去。）
or,[ɔr],連接詞,或者,Would you prefer hot tea or cold water?（你想要熱茶還是冷水？）
orange,[ˈɔrɪndʒ],名詞 / 形容詞,柳橙 / 橘色的,She ate a sweet orange after her breakfast.（她早餐後吃了一個甜柳橙。）
order,[ˈɔrdɚ],名詞,命令 / 訂單 / 順序,Put the historical records in alphabetical order.（將歷史記錄按字母順序排列。）
organization,[ˌɔrɡənəˈzeʃən],名詞,組織 / 機構,He works for an international trade organization.（他在一個國際貿易組織工作。）
ornament,[ˈɔrnəmənt],名詞,裝飾品,The glass ornament on the shelf is delicate.（架子上的玻璃裝飾品非常精緻。）
other,[ˈʌðɚ],形容詞 / 代名詞,其他的,I have no other choices but to agree.（除了同意外我別無選擇。）
out,[aʊt],介系詞 / 副詞,在外 / 向外,He walked out of the narrow street into the open field.（他走出狹窄的街道，來到開闊的田野。）
oven,[ˈʌvən],名詞,烤箱,Bake the bread in the hot oven for thirty minutes.（將麵包在熱烤箱中烘烤三十分鐘。）
over,[ˈovɚ],介系詞 / 副詞,在...之上 / 結束,The plane flew high over the high mountains.（飛機在高山之上高高飛過。）
owner,[ˈonɚ],名詞,所有者 / 物主,He is the proud owner of a new automatic car.（他是一輛新自動排檔車的驕傲車主。）
page,[pedʒ],名詞,頁面 / 頁碼,Please open your book to page eighty-five.（請將書翻到第 85 頁。）
pain,[pen],名詞,疼痛 / 痛苦,He felt a sudden sharp pain in his left arm.（他左臂突然感到一陣劇痛。）
paint,[pent],名詞,油漆 / 顏料,Use wet white paint to cover the old wall.（使用濕的白漆來覆蓋舊牆。）
paper,[ˈpepɚ],名詞,紙張 / 文件,Write your name on a clean sheet of white paper.（在一張乾淨的白紙上寫下你的名字。）
parallel,[ˈpærəlɛl],形容詞,平行的,Draw two parallel lines on the paper with a pencil.（用 pencil 在紙上畫兩條平行線。）
parcel,[ˈpɑrsl],名詞,包裹,The postman delivered a large parcel to our house.（郵差把一個大包裹送到了我們家。）
part,[pɑrt],名詞,部分 / 零件,This is the most interesting part of the history book.（這是這本歷史書中最有趣的部分。）
past,[pæst],名詞 / 介系詞 / 形容詞,過去 / 經過,"In the past, people used horse carriages to travel.（過去，人們乘坐馬車旅行。）"
paste,[pest],名詞,糊狀物 / 漿糊,Use strong flour paste to fix the paper box.（用強力的麵粉漿糊來固定紙箱。）
payment,[ˈpemənt],名詞,付款 / 款項,The bank received his payment for the loan.（銀行收到了他的貸款款項。）
peace,[pis],名詞,和平 / 平靜,We love the perfect peace of the countryside.（我們熱愛鄉間完美的寧靜。）
pen,[pɛn],名詞,鋼筆 / 原子筆,Please fill my black pen with some fresh ink.（請幫我的黑筆加點新鮮墨水。）
pencil,[ˈpɛnsl],名詞,鉛筆,Use a sharp pencil to draw a straight line.（用鋒利的鉛筆畫一條直線。）
person,[ˈpɝsn],名詞,人,He is a very honest person who always tells the truth.（ transition他是一個總是說真話的誠實人。）
physical,[ˈfɪzɪkəl],形容詞,身體的 / 物理的 / 物質的,Heavy strength training requires great physical force.（重量力量訓練需要巨大的身體力量。）
picture,[ˈpɪktʃɚ],名詞,圖片 / 照片 / 圖畫,She put her family picture in a wooden frame.（她把全家福相片放在木製相框裡。）
pig,[pɪɡ],名詞,豬,The farmer keeps a fat brown pig on his farm.（農夫在農場裡養了一隻肥胖的棕色豬。）
pin,[pɪn],名詞,大頭針 / 別針,Use a small metal pin to secure the papers.（使用一個小金屬別針來固定文件。）
pipe,[paɪp],名詞,管路 / 煙斗,The hygienic stainless steel pipe is completely clean.（這條衛生級不鏽鋼管路完全乾淨。）
place,[ples],名詞,地方 / 位置,The library is an excellent place for learning.（圖書館是學習的絕佳場所。）
plane,[plen],名詞,飛機 / 平面,The plane took off for Paris at eight o'clock.（飛機在八點鐘起飛前往巴黎。）
plant,[plænt],名詞,植物 / 工廠,Water the little green plant every morning.（每天早晨為這株綠色小植物澆水。）
plate,[plet],名詞,盤子 / 金屬板,Put the slices of bread on a clean white plate.（將麵包片放在乾淨的白盤子上。）
play,[ple],名詞 / 動詞的動作,遊戲 / 戲劇 / 玩耍,The children are at play in the garden.（孩子們正在花園裡玩耍。）
please,[pliz],副詞,請,Please give me a cup of warm water.（請給我一杯溫水。）
pleasure,[ˈplɛʒɚ],名詞,快樂 / 欣慰,It gives me great pleasure to meet you here.（能在這裡見到你，我感到非常高興。）
plough / plow,[plaʊ],名詞,犁,The old farmer used a heavy iron plough in the field.（老農夫在田裡使用一把沉重的鐵犁。）
pocket,[ˈpɑkɪt],名詞,口袋,He put his leather wallet into his coat pocket.（他把皮夾放進大衣口袋裡。）
point,[pɔɪnt],名詞,尖端 / 要點 / 點,Look at the sharp point of the needle.（看這根針尖銳的尖端。）
poison,[ˈpɔɪzn],名詞,毒藥 / 毒物,Keep that chemical poison away from children.（讓那種化學毒物遠離兒童。）
polish,[ˈpɑlɪʃ],名詞 / 動詞的動作,擦亮劑 / 光澤,Apply some shoe polish to keep your leather boots bright.（抹一些鞋油以保持皮靴光亮。）
political,[pəˈlɪtɪkəl],形容詞,政治的,He expressed an interest in world political history.（他對世界政治歷史表達了興趣。）
poor,[pʊr],形容詞,貧窮的 / 可憐的 / 差的,The distribution of food to the poor families started today.（向貧困家庭分發食物的工作今天開始了。）
porter,[ˈpɔrtɚ],名詞,搬運工 / 行李員,The porter helped the tired travelers carry their heavy bags.（搬運工幫助疲憊的旅客搬運沉重的行李。）
position,[pəˈzɪʃən],名詞,位置 / 職位,Check the mechanical position of the pump valve.（檢查泵浦閥門的機械位置。）
possible,[ˈpɑsəbl],形容詞,可能的,It is possible to complete the technical review today.（今天完成技術審查是有可能的。）
pot,[pɑt],名詞,罐 / 壺 / 鍋,She boiled some vegetables in a metal pot.（她在金屬鍋裡煮了一些蔬菜。）
potato,[pəˈteto],名詞,馬鈴薯,He baked a large potato in the hot oven.（他在熱烤箱裡烤了一個大馬鈴薯。）
powder,[ˈpaʊdɚ],名詞,粉末,Mix the white chemical powder with warm water.（將白色化學粉末與溫水混合。）
power,[ˈpaʊɚ],名詞,力量 / 電力 / 權力,The new engine has great mechanical power.（這台新引擎具有強大的機械動力。）
present,[ˈprɛznt],名詞 / 形容詞,禮物 / 現在的 / 出席的,He gave his wife a beautiful birthday present.（他給了他的妻子一份美麗的生日禮物。）
price,[praɪs],名詞,價格,There is a steady increase in the price of wheat.（小麥價格正在穩定上漲。）
print,[prɪnt],名詞 / 動詞的動作,印刷 / 印記,The small print in this document is hard to read.（這份文件中的小字體很難閱讀。）
prison,[ˈprɪzn],名詞,監獄,The man was sent to prison for his serious crime.（該男子因其嚴重的罪行被送往監獄。）
private,[ˈpraɪvɪt],形容詞,私人的 / 私密的,This is a private discussion about family matters.（這是關於家庭事務的私人討論。）
probable,[ˈprɑbəbl],形容詞,很可能的,Rain is the probable cause of the travel delay.（下雨很可能是行程延誤的原因。）
process,[ˈprɑsɛs],名詞,過程 / 製程,Qualification is a regular process for new systems.（資格驗證是新系統的常規流程。）
produce,[prəˈdus],名詞 / 動詞的動作,農產品 / 生產,The farm yields fresh produce like corn and apples.（該農場產出新鮮的農產品，如玉米和蘋果。）
profit,[ˈprɑfɪt],名詞,利潤 / 利益,Value investing focuses on long-term profit.（價值投資專注於長期利潤。）
property,[ˈprɑpɚti],名詞,財產 / 房產 / 特性,The land is the private property of the old farmer.（這片土地是老農夫的私人財產。）
prose,[proz],名詞,散文,He prefers writing clear prose to beautiful verse.（比起美麗的詩句，他更喜歡寫清晰的散文。）
protest,[ˈprotest],名詞 / 動詞的動作,抗議 / 反對,The committee made a strong protest against the rule.（委員會對該規則提出了強烈的抗議。）
public,[ˈpʌblɪk],形容詞 / 名詞,公共的 / 大眾,I go to the public library to read books on weekends.（我週末去公共圖書館讀書。）
pull,[pʊl],名詞 / 動詞的動作,拉 / 拖,Give a strong pull to the rope to open the stone gate.（用力拉一下繩子以打開石門。）
pump,[pʌmp],名詞,泵浦 / 抽水機,Check the drain port location under the hygienic pump.（檢查衛生級泵浦下方的排水口位置。）
punishment,[ˈpʌnɪʃmənt],名詞,懲罰,Severe punishment was given to the man for his crime.（該男子因其罪行受到了嚴厲的懲罰。）
purpose,[ˈpɝpəs],名詞,目的 / 意圖,What is the main purpose of your technical visit?（你這次技術拜訪的主要目的是什麼？）
push,[pʊʃ],名詞 / 動詞的動作,推,Give a gentle push to the door to close it tightly.（輕推一下門以將其關緊。）
put,[pʊt],動詞,放置 / 表達,Please put the important records into the drawer.（請將重要記錄放進抽屜裡。基本英語 18 個核心動詞之一。）
quality,[ˈkwɑləti],名詞,品質 / 特質,We always check the quality of the medical product.（我們總是檢查醫療產品的品質。）
question,[ˈkwɛstʃən],名詞,問題 / 疑問,"If you have any question, please ask the guide.（如果你有任何問題，請詢問導遊。）"
quick,[kwɪk],形容詞,快速的,He made a quick decision to change his travel plan.（他快速做出決定，改變了他的旅行計劃。）
quiet,[ˈkwaɪət],形容詞,安靜的,Please keep quiet while the baby is sleeping.（寶寶睡覺時請保持安靜。）
quite,[kwaɪt],副詞,相當 / 完全,The technical review today is quite complete.（今天的技術審查相當完整。）
rail,[rel],名詞,鐵軌 / 欄杆,The train runs smoothly along the steel rail.（火車沿著鋼軌平穩行駛。）
rain,[ren],名詞,雨 / 下雨,The heavy rain covered the fields with water.（大雨讓田地裡都積滿了水。）
range,[rendʒ],名詞,範圍 / 山脈,This instrument has a wide range of measurement.（這台儀器有很寬的測量範圍。）
rat,[ræt],名詞,老鼠（體型較大者）,The brown dog barked when it saw a rat.（棕色狗看到老鼠時叫了起來。）
rate,[ret],名詞,比率 / 速率,The rate of growth for the market is very steady.（該市場的增長率非常穩定。）
ray,[re],名詞,光線 / 射線,A warm ray of sun came through the window.（一束溫暖的陽光透過窗戶照了進來。）
reaction,[riˈækʃən],名詞,反應,Scientists observed the chemical reaction in the pot.（科學家觀察了鍋中的化學反應。）
reading,[ˈridɪŋ],名詞,閱讀 / 讀數,Check the temperature reading on the clock display.（檢查時鐘顯示屏上的溫度讀數。）
ready,[ˈrɛdi],形容詞,準備好的,I am ready to complete the validation protocol.（我已經準備好完成驗證協議了。）
reason,[ˈrizn],名詞,原因 / 理智,Tell me the main reason for your late arrival.（告訴我你遲到的主要原因。）
receipt,[rɪˈsit],名詞,收據 / 收到,Please give me a written receipt for my payment.（請給我一份我的付款書面收據。）
record,[ˈrɛkɚd],名詞,紀錄 / 唱片,Keep a clear record of the external balance test.（對外部天平測試保持清晰的記錄。）
red,[rɛd],形容詞 / 名詞,紅色的 / 紅色,She wore a beautiful red dress to the meeting.（她穿著一件美麗的紅連身裙出席會議。）
regret,[rɪˈɡrɛt],名詞,後悔 / 遺憾,He expressed deep regret for his foolish action.（ transition他對自己愚蠢的行為表達了深切的遺憾。）
regular,[ˈrɛɡjəlɚ],形容詞,定期的 / 常規的 / 規則的,Regular exercise keeps your body healthy and strong.（規律運動能保持身體健康強壯。）
relation,[rɪˈleʃən],名詞,關係,There is a direct relation between heat and growth.（熱與生長之間有直接的關係。）
religion,[rɪˈlɪdʒən],名詞,宗教,Every nation has its own history and religion.（每個國家都有其獨特的歷史與宗教。）
representative,[ˌrɛprɪˈzɛntətɪv],名詞 / 形容詞,代表 / 具代表性的,The trade representative signed the final agreement.（貿易代表簽署了最終協議。）
request,[rɪˈkwɛst],名詞,請求 / 要求,The manager approved my request for a new machine.（經理批准了我購買新機器的請求。）
respect,[rɪˈspɛkt],名詞,尊重 / 敬意,Children should show respect to their older brother.（孩子們應該對他們的哥哥展現尊重。）
responsible,[rɪˈspɑnsəbl],形容詞,負責任的,The supervisor is responsible for safety here.（主管負責這裡的安全。）
rest,[rɛst],名詞,休息 / 剩餘部分,A warm bath will give great rest to your body.（洗個熱水澡會讓你的身體得到很好的休息。）
reward,[rɪˈwɔrd],名詞,獎勵 / 報酬,He received a small money reward for his help.（他因為提供幫助而獲得了一筆小額的金錢獎勵。）
rhythm,[ˈrɪðəm],名詞,節奏 / 韻律,The happy children danced to the rhythm of the music.（快樂的孩子們隨著音樂的節奏跳舞。）
rice,[raɪs],名詞,稻米 / 米飯,Rice is the chief food in many Asian countries.（米飯是許多亞洲國家的主要食物。）
right,[raɪt],形容詞 / 副詞 / 名詞,正確的 / 右邊的 / 權利,Is this the right way to the public library?（這是去公共圖書館正確的路嗎？）
ring,[rɪŋ],名詞,戒指 / 圓圈 / 鈴聲,She wears a pure gold ring on her finger.（她手指上戴著一枚純金戒指。）
river,[ˈrɪvɚ],名詞,河流,We took a small boat across the mountain river.（我們搭乘了一艘小船渡過山間河流。）
road,[rod],名詞,道路 / 馬路,Walk along this straight road to find the station.（沿著這條筆直的道路走就能找到車站。）
rod,[rɑd],名詞,桿 / 棒,The thin iron rod is bent and cannot be used.（那根細鐵桿彎曲了，無法使用。）
roll,[rol],名詞 / 動詞的動作,捲 / 滾動 / 麵包捲,He bought a fresh roll of bread for lunch.（他買了一個新鮮的麵包捲當午餐。）
roof,[ruf],名詞,屋頂,The heavy storm caused severe damage to the roof.（暴風雨對屋頂造成了嚴重的損害。）
room,[rum],名詞,房間 / 空間,There is enough room for a big bed in this house.（這棟房子裡有足夠的空間放一張大床。）
root,[rut],名詞,根 / 根源,The root of the big tree goes deep into the earth.（大樹的根深扎入泥土中。）
rough,[rʌf],形容詞,粗糙的 / 粗暴的 / 艱難的,The skin on his hands became rough from hard work.（他的手部皮膚因辛苦工作而變得粗糙。）
round,[raʊnd],形容詞,圓的,"The earth looks flat, but it is actually round.（大地看起來是平的，但實際上是圓的。）"
rub,[rʌb],名詞 / 動詞的動作,摩擦 / 搓抹,Give a gentle rub to your skin with the cloth.（用布輕輕摩擦擦拭你的皮膚。）
rule,[rul],名詞,規則 / 規定,Everyone must obey the safety rule of the plant.（每個人都必須遵守工廠的安全規定。）
run,[rʌn],名詞 / 動詞的動作,跑步 / 運行,He goes for a short run early every morning.（他每天清晨都會去短跑散步一下。）
sad,[sæd],形容詞,悲傷的,The news of the old leader's death made us sad.（老領袖逝世的消息讓我們很悲傷。）
safe,[sef],形容詞,安全的,Keep your important technical documents in a safe place.（將你重要的技術文件存放在安全的地方。）
sail,[sel],名詞,船帆 / 航行,The strong wind gave a powerful blow to the sail.（強風對船帆產生了強大的吹力。）
salt,[sɔlt],名詞,鹽,Please put a little salt into the boiling soup.（請在沸騰的湯裡加一點鹽。）
same,[sem],形容詞,相同的,He gave the same answer as his older brother.（他給出了與他哥哥相同的答案。）
sand,[sænd],名詞,沙子,The children are playing on the warm sand near the sea.（孩子們正在海邊溫暖的沙灘上玩耍。）
say,[se],動詞,說,Please say what you think about the new plan.（請說說你對新計劃的想法。基本英語 18 個核心動詞之一。）
scale,[skel],名詞,天平 / 秤 / 比例,Use the external balance scale to measure the mass.（使用外部天平秤來測量質量。）
school,[skul],名詞,學校,The little boy goes to the high school near our house.（小男孩去我們家附近的中學上學。）
science,[ˈsaɪəns],名詞,科學,Modern science helps us understand the natural world.（現代科學幫助我們了解自然世界。）
scissors,[ˈsɪzɚz],名詞,剪刀,Use these sharp scissors to cut the thick paper.（用這把鋒利的剪刀來剪厚紙。）
screw,[skru],名詞,螺絲,The screw on the machine handle is loose.（機器手把上的螺絲鬆了。）
sea,[si],名詞,海洋,Taiwan is a beautiful island surrounded by the sea.（台灣是一個被海洋圍繞的美麗島嶼。）
seat,[sit],名詞,座位,Please go back to your seat before the meeting starts.（會議開始前請回到你的座位上。）
second,[ˈsɛkənd],形容詞 / 名詞,第二的 / 秒,This is the second time I have visited Paris.（這是我第二趟造訪巴黎。）
secret,[ˈsikrɪt],名詞 / 形容詞,秘密 / 秘密的,Keep this private information a secret.（請對這份私人資訊保持秘密。）
secretary,[ˈsɛkrəˌtɛri],名詞,秘書,The secretary wrote down every detail of the discussion.（秘書記下了討論的每一個細節。）
see,[si],動詞,看見 / 明白,I can see a small bird singing on the tree branch.（我看見一隻小鳥在樹枝上唱歌。基本英語 18 個核心動詞之一。）
seed,[sid],名詞,種子,The farmer put the vegetable seeds into the fertile soil.（農夫將蔬菜種子播入肥沃的土地中。）
selection,[səˈlɛkʃən],名詞,選擇 / 挑選,The library has a great selection of history books.（這家圖書館有豐富的歷史書籍可供選擇。）
self,[sɛlf],名詞,自身 / 自己,He wrote a short note to remind his own self.（他寫了一張短便條來提醒他自己。）
send,[sɛnd],動詞,發送 / 寄送,Please send the final validation record to the manager.（請將最終驗證紀錄寄給經理。基本英語 18 個核心動詞之一。）
seem,[sim],動詞,似乎 / 好像,The technical rules seem complex but are quite simple.（這些技術規則似乎很複雜，但其實相當簡單。基本英語 18 個核心動詞之一。）
sense,[sɛns],名詞,感官 / 感覺 / 理智,Good drivers have a keen sense of danger.（優秀的駕駛對危險有敏銳的感覺。）
separate,[ˈsɛpərɪt],形容詞,分開的 / 個別的,Keep the chemical waste in a separate pot.（將化學廢棄物存放在分開的罐子裡。）
serious,[ˈsɪrɪəs],形容詞,嚴重的 / 認真的,Stealing other people's money is a serious crime.（偷竊別人的錢是一項嚴重的罪行。）
servant,[ˈsɝvənt],名詞,僕人 / 傭人,The rich family employs a servant to clean the house.（這戶富有的人家雇用了一名僕人來打掃房子。）
sex,[sɛks],名詞,性別,"Please write your name, age, and sex on the form.（請在表格上寫下您的姓名、年齡和性別。）"
shade,[ʃed],名詞,陰涼處 / 遮光物,We sat in the shade of the big tree to rest.（我們坐在大樹的陰涼處休息。）
shake,[ʃek],名詞 / 動詞的動作,搖動 / 握手,They gave a friendly shake of hands after the agreement.（達成協議後，他們友好地握了握手。）
shame,[ʃem],名詞,羞恥 / 遺憾,It is a shame that you cannot come to the party.（你不能來參加聚會真是太遺憾了。）
sharp,[ʃɑrp],形容詞,尖銳的 / 鋒利的,The knife has a very sharp steel blade.（這把刀有一個非常鋒利的鋼刀刃。）
sheep,[ʃip],名詞,綿羊,The farmer has a group of white sheep on the hill.（農夫在山上養了一群白綿羊。）
shelf,[ʃɛlf],名詞,架子 / 書架,Put the old history books back on the top shelf.（將舊歷史書放回最上面的書架上。）
ship,[ʃɪp],名詞,船隻（大型）,A large cargo ship arrived at the harbor today.（一艘大型貨輪今天抵達了港口。）
shirt,[ʃɝt],名詞,襯衫,He wore a clean blue shirt to the office.（他穿著一件乾淨的藍襯衫去辦公室。）
shock,[ʃɑk],名詞,震驚 / 衝擊,The sudden news of the fire gave us a great shock.（火災的突發消息給了我們巨大的震驚。）
shoe,[ʃu],名詞,鞋子,Use this small brush to clean your dirty shoes.（用這把小刷子來清理你髒掉的鞋子。）
short,[ʃɔrt],形容詞,短的 / 矮的,I usually go for a short walk after lunch.（我午餐後通常會去短暫散步一下。）
shut,[ʃʌt],形容詞,關閉的,Please keep the door shut to block the cold wind.（請保持門關閉以阻擋冷風。）
side,[saɪd],名詞,側面 / 一邊,Walk along the left side of the straight road.（沿著這條筆直道路的左側行走。）
sign,[saɪn],名詞,標誌 / 告示 / 跡象,The traffic sign warned the drivers of danger ahead.（交通標誌警告駕駛人前方有危險。）
silk,[sɪlk],名詞 / 形容詞,絲綢 / 絲製的,Her beautiful red dress is made of pure silk.（她美麗的紅連身裙是由純絲綢製成的。）
silver,[ˈsɪlvɚ],名詞 / 形容詞,白銀 / 銀製的,The old drawer handle is made of solid silver.（舊抽屜把手是由實銀製成的。）
simple,[ˈsɪmpl],形容詞,簡單的,I really like the simple design of this house.（我非常喜歡這棟房子簡單的設計。）
sister,[ˈsɪstɚ],名詞,姊妹,My younger sister goes to the high school nearby.（我的妹妹在附近的中學上學。）
size,[saɪz],名詞,尺寸 / 大小,Check the size of the pipe before connection.（在連接前請檢查管路的尺寸。）
skin,[skɪn],名詞,皮膚,The sun made the skin on his face turn red.（陽光讓他臉上的皮膚變紅了。）
skirt,[skɝt],名詞,裙子,She wore a short brown skirt to the market.（她穿著一條棕色短裙去市場。）
sky,[skaɪ],名詞,天空,The sky is completely clear and blue today.（今天的太空完全晴朗蔚藍。）
sleep,[slip],名詞 / 動詞的動作,睡眠,A good night's sleep is necessary for health.（充足的夜間睡眠對健康是必要的。）
slip,[slɪp],名詞 / 動詞的動作,滑倒 / 紙條,He had a sudden slip on the wet kitchen floor.（他在濕滑的廚房地板上突然滑了一下。）
slope,[slop],名詞,斜坡 / 坡度,The green grass grows smoothly on the mountain slope.（綠草在山坡上順暢地生長。）
slow,[slo],形容詞,緩慢的,The old train made a slow journey through the hills.（老火車緩慢地穿行在山丘間。）
small,[smɔl],形容詞,小的,An ant is a small and hard-working insect.（螞蟻是一種弱小且勤勞的昆蟲。）
smash,[smæʃ],名詞 / 動詞的動作,破碎 / 猛撞,We heard the loud smash of a broken glass cup.（我們聽到玻璃杯摔碎的巨大聲響。）
smell,[smɛl],名詞 / 動詞的動作,氣味 / 聞,The sweet smell of fresh bread filled the room.（新鮮麵包的甜美氣味充滿了房間。）
smile,[smaɪl],名詞 / 動詞的動作,微笑,She had a big smile on her face when she saw me.（她見到我時臉上帶著燦爛的微笑。）
smoke,[smok],名詞,煙雾 / 煙,Dark smoke came out of the factory building.（黑煙從工廠大樓裡飄了出來。）
smooth,[smuð],形容詞,平滑的 / 順暢的,The automatic pump keeps a smooth operation.（自動泵浦保持著順暢的運作。）
snake,[snek],名詞,蛇,A long green snake crawled across the field.（一條綠色長蛇爬過了田地。）
sneeze,[sniz],名詞 / 動詞的動作,打噴嚏,His loud sneeze made the baby wake up.（他響亮的噴嚏聲把寶寶吵醒了。）
snow,[sno],名詞,雪,A sudden fall of snow covered the high mountains.（突降的大雪覆蓋了高山。）
so,[so],副詞 / 連接詞,如此 / 所以 / 因此,"It was raining heavily, so we stayed at home.（當時正下著大雨，所以我們待在家裡。）"
soap,[sop],名詞,肥皂,Wash your dirty hands with clean water and soap.（用乾淨的水和肥皂清洗你弄髒的手。）
society,[səˈsaɪəti],名詞,社會 / 協會,Every member of society must obey the law.（社會的每個成員都必須遵守法律。）
sock,[sɑk],名詞,短襪,He put on his warm wool socks before going out.（他在出門前穿上了溫暖的羊毛襪。）
soft,[sɔft],形容詞,柔軟的,Place a soft cushion on the hard wooden chair.（在硬木椅上放一個柔軟的靠墊。）
solid,[ˈsɑlɪd],形容詞 / 名詞,固體的 / 實心的 / 堅固的,The strong bridge is built of solid iron.（那座堅固的橋樑是由實鐵建造的。）
some,[sʌm],形容詞 / 代名詞,一些 / 某些,Please get some fresh water from the kitchen.（請去廚房拿一些新鮮的水。）
son,[sʌn],名詞,兒子,They have one younger daughter and an older son.（他們有一個較小的女兒和一个哥哥兒子。）
song,[sɔŋ],名詞,歌曲,The little girl sang a beautiful song for us.（小女孩為我們唱了一首美麗的歌曲。）
sort,[sɔrt],名詞,種類,What sort of material is used for this pipe?（這種管路使用的是哪一種材料？）
sound,[saʊnd],名詞 / 形容詞,聲音 / 健康的 / 完好的,We heard the loud sound of the school bell.（我們聽到了學校鐘聲的巨響。）
south,[saʊθ],名詞 / 形容詞 / 副詞,南方 / 向南的,The birds fly to the south during the winter.（鳥類在冬天飛往南方。）
soup,[sup],名詞,湯,She made a hot vegetable soup for dinner.（她做了一碗熱蔬菜湯當晚餐。）
space,[spes],名詞,空間 / 太空,There is enough space for a big desk in my office.（我的辦公室裡有足夠的空間放一張大書桌。）
spade,[sped],名詞,鏟子 / 鐵鍬,Use a steel spade to dig a hole in the garden.（用一把鋼鏟在花園裡挖一個洞。）
special,[ˈspɛʃəl],形容詞,特別的 / 專門的,This instrument needs special care during use.（這台儀器在使用過程中需要特別的照顧。）
sponge,[spʌndʒ],名詞,海綿,Use a wet sponge to wipe the kitchen table.（用一塊濕海綿來擦拭廚房桌子。）
spoon,[spun],名詞,湯匙,Eat your hot soup with a small metal spoon.（用一把小金屬湯匙喝你的熱湯。）
spring,[sprɪŋ],名詞,春天 / 彈簧 / 泉水,The leaves of the trees turn green in spring.（樹葉在春天變成綠色。）
square,[skwɛr],形容詞 / 名詞,正方形的 / 廣場,Draw a perfect square on the paper with a pencil.（用鉛筆在紙上畫一個完美的正方形。）
stamp,[stæmp],名詞,郵票 / 印章,Put a postal stamp on the cover of the letter.（在信封封面貼上一張郵票。）
stage,[stedʒ],名詞,舞台 / 階段,Qualification is the final stage of the project.（資格驗證是專案的最終階段。）
star,[stɑr],名詞,星星,The sky was full of bright stars last night.（昨晚的天空布滿了明亮的星星。）
start,[stɑrt],名詞 / 動詞的動作,開始 / 出發,The important meeting will make a start at ten.（重要會議將在十點鐘開始。）
statement,[ˈstetmənt],名詞,陳述 / 聲明,Please check if this technical statement is true.（請檢查這項技術陳述是否正確。）
station,[ˈsteʃən],名詞,車站 / 局 / 所,Meet me at the train station tomorrow noon.（明天中午在火車見面。）
steam,[stim],名詞,蒸汽,Hot steam came out of the boiling kettle.（熱蒸汽從沸騰的水壺裡冒了出來。）
stem,[stɛm],名詞,莖 / 幹,The red flower has a long green stem.（紅花有一個長長的綠色花莖。）
steel,[stil],名詞 / 形容詞,鋼鐵 / 鋼製的,The hygienic pipes are made of stainless steel.（這些衛生級管路是由不鏽鋼製成的。）
step,[stɛp],名詞 / 動詞的動作,腳步 / 步驟,Take one step forward to check the valve position.（向前走一步以檢查閥門位置。）
stick,[stɪk],名詞,棍棒 / 枝條,The old man used a wooden stick to help him walk.（老人使用一根木棍來幫助他行走。）
sticky,[ˈstɪki],形容詞,黏的,Keep away from the sticky paint on the wall.（遠離牆上未乾的黏油漆。）
still,[stɪl],副詞 / 形容詞,仍然 / 靜止的,The baby is still awake in his small bed.（寶寶在小床上仍然醒著。）
stitch,[stɪtʃ],名詞,一針 / 縫線,The doctor put a stitch in the small cut.（醫生在小傷口上縫了一針。）
stocking,[ˈstɑkɪŋ],名詞,長襪,She bought a pair of black stockings yesterday.（她昨天買了一雙黑色長襪。）
stomach,[ˈstʌmək],名詞,胃 / 腹部,He felt a slight pain in his stomach after the meal.（飯後他覺得胃部有一點痛。）
stone,[ston],名詞 / 形容詞,石頭 / 石製的,They walked across the old stone bridge over the river.（他們走過了河上那座古老的石橋。）
stop,[stɑp],名詞 / 動詞的動作,停止 / 車站,The train came to a sudden stop at the station.（火車在車站突然停了下來。）
store,[stor],名詞,商店 / 倉庫,He runs a small clothing store in the town.（他在鎮上經營一家小型服裝店。）
story,[ˈstori],名詞,故事,My father told an interesting story about history.（我父親講了一個關於歷史的有趣故事。）
strange,[strendʒ],形容詞,奇怪的 / 陌生的,We heard a strange noise from the broken engine.（我們從壞掉的引擎裡聽到一聲奇怪的巨響。）
street,[strit],名詞,街道,The car could not pass through the narrow street.（汽車無法通過那條狹窄的街道。）
stretch,[strɛtʃ],名詞 / 動詞的動作,伸展 / 延展,Give a long stretch to the elastic band.（把這條橡皮筋用力伸展拉長。）
stiff,[stɪf],形容詞,硬的 / 僵硬的,His muscles felt stiff after the heavy strength training.（重量力量訓練後，他的肌肉感到僵硬。）
straight,[stret],形容詞 / 副詞,直的 / 筆直地,Draw a straight line on the paper with a pencil.（用鉛筆在紙上畫一條直線。）
strong,[strɔŋ],形容詞,強壯的 / 強烈的,The strong force of the wind broke the window glass.（強風的力量吹碎了窗戶玻璃。）
structure,[ˈstrʌktʃɚ],名詞,結構 / 建築物,Engineers checked the steel structure of the building.（工程師檢查了大樓的鋼骨結構。）
substance,[ˈsʌbstəns],名詞,物質,Water is a natural substance necessary for life.（水是生命必需的天然物質。）
such,[sʌtʃ],形容詞 / 代名詞,這樣的 / 如此的,I have never seen such a beautiful blue bird.（我從未見過如此美麗的藍鳥。）
sudden,[ˈsʌdn],形容詞,突然的,A sudden burst of noise came from the factory.（工廠裡突然傳出一陣巨大的噪音。）
sugar,[ˈʃʊɡɚ],名詞,糖,Eating too much sugar is bad for your teeth.（吃太多糖對你的牙齒不好。）
suggestion,[səˈdʒɛstʃən],名詞,建議,The manager approved his suggestion for a new pump.（經理批准了他關於更換新泵浦的建議。）
summer,[ˈsʌmɚ],名詞,夏天,The extreme heat of the summer made us tired.（夏天的高溫讓我們感到疲倦。）
sun,[sʌn],名詞,太陽,The sun rises in the east and gives us light.（太陽從東方升起並給予我們光芒。）
support,[səˈpɔrt],名詞 / 動詞的動作,支持 / 支撐,The wooden stick gave strong support to the old man.（那根木棍給予了老人有力的支撐。）
surprise,[sɚˈpraɪz],名詞 / 動詞的動作,驚喜 / 震驚,"To our great surprise, he passed the hard test.（讓我們非常驚喜的是，他通過了這場硬核測試。）"
sweet,[swit],形容詞,甜的,She ate a sweet red apple after her dinner.（她晚飯後吃了一個甜甜的紅蘋果。）
swim,[swɪm],名詞 / 動詞的動作,游泳,He takes a short swim in the pool every morning.（他每天早晨都會在泳池裡短暫游泳一下。）
system,[ˈsɪstəm],名詞,系統,The factory has a complex system of hygienic pipes.（這家工廠有一套複雜的衛生級管路系統。）
table,[ˈtebl],名詞,桌子 / 表格,Place the important document right on the table.（將重要文件直接放在桌上。）
tail,[tel],名詞,尾巴,The brown dog wagged its tail when it saw me.（棕色狗看到我時搖了搖尾巴。）
take,[tek],動詞,拿 / 帶領 / 花費,Please take this record to the supervisor's office.（請將這份紀錄拿去主管辦公室。基本英語 18 個核心動詞之一。）
talk,[tɔk],名詞 / 動詞的動作,談話 / 討論,We had a long talk about the new project plan.（我們針對新專案計劃進行了長期的談話。）
tall,[tɔl],形容詞,高的（指人或物體高聳）,That tall building near the station is a hospital.（車站附近那棟高大的建築物是一所醫院。）
taste,[test],名詞 / 動詞的動作,味道 / 嚐起來,Lemon juice has a very acid taste.（檸檬汁有一種非常酸的味道。）
tax,[tæks],名詞,稅 / 稅款,Everyone must pay a certain amount of tax to the government.（每個人都必須向政府繳納一定數額的稅款。）
teaching,[ˈtʃitʃɪŋ],名詞,教學 / 教導,Teaching young children requires a lot of care.（教導幼兒需要高度的細心與照顧。）
tendency,[ˈtɛndənsi],名詞,傾向 / 趨勢,There is a steady tendency for gold prices to increase.（黃金價格有穩定上漲的趨勢。）
test,[tɛst],名詞,測試 / 檢驗,Run an external balance communication test today.（今天執行一次外部天平通訊測試。）
than,[ðæn],連接詞,比 / 較之,My older brother has more experience than me.（我哥哥的經驗比我豐富。）
that,[ðæt],形容詞 / 代名詞 / 連接詞,那個 / 那,Please put that manual back into the drawer.（請將那本手冊放回抽屜裡。）
the,[ðə] / [ði],冠詞,這 / 那（定冠詞）,The manager signed the validation record yesterday.（經理昨天簽署了那份驗證紀錄。）
then,[ðɛn],副詞,然後 / 那時,"We will check the valve position, then start the pump.（我們會先檢查閥門位置，然後啟動泵浦。）"
theory,[ˈθɪəri],名詞,理論,Scientists developed a new theory about the physical world.（科學家們發展出了一套關於物理世界的新理論。）
there,[ðɛr],副詞,那裡 / 有,Put the heavy box over there near the straight wall.（把沉重的箱子放在那裡，靠近筆直的牆面。）
thick,[θɪk],形容詞,厚的 / 濃的,"The tents are made of strong, thick canvas.（這些帳篷是由堅固、厚實的帆布製成的。）"
thin,[θɪn],形容詞,薄的 / 瘦的,This sharp knife has a thin steel blade.（這把鋒利的刀子有一個薄鋼刀刃。）
thing,[θɪŋ],名詞,事情 / 東西,Reading books is a good thing for everyone.（讀書對每個人來說都是件好事。）
this,[ðɪs],形容詞 / 代名詞,這個,This automatic machine is used for packing food.（這台自動化機器是用來包裝食物的。）
though,[ðo],連接詞,雖然 / 儘管,"Though it was raining heavily, he went to the library.（雖然下著大雨，他還是去了圖書館。）"
thought,[θɔt],名詞,想法 / 思想,He expressed his thoughts clearly during the discussion.（他在討論中清楚表達了他的想法。）
thread,[θrɛd],名詞,線,She used a long blue thread to fix the shirt.（她用一條長藍線來修補襯衫。）
throat,[θrot],名詞,喉嚨,He had a bad cough and felt pain in his throat.（他咳得很厲害，覺得喉嚨痛。）
through,[θru],介系詞,穿過 / 透過,We walked through the old stone arch into the garden.（我們穿過那座老石拱門走進花園。）
thumb,[θʌm],名詞,大拇指,He hurt his thumb while using the heavy hammer.（他使用重鐵錘時弄傷了大拇指。）
thunder,[ˈθʌndɚ],名詞,雷聲,We heard the loud sound of thunder before the rain.（下雨前我們聽到了巨大的雷聲。）
ticket,[ˈtɪkɪt],名詞,票券,He bought a train ticket to Paris yesterday.（他昨天買了一張去巴黎的火車票。）
tight,[taɪt],形容詞,緊的,Tie a tight knot at the end of the nylon cord.（在尼龍繩的盡頭打一個緊緊的結。）
till,[tɪl],連接詞 / 介系詞,直到...為止,Please wait here till the manager comes back.（請在這裡等到經理回來。）
time,[taɪm],名詞,時間 / 次數,The important project meeting will start on time.（重要的專案會議將準時開始。）
tin,[tɪn],名詞,錫 / 錫罐,Put the mixed vegetables into a clean tin.（把混合蔬菜放進一個乾淨的錫罐裡。）
tired,[ˈtaɪɚd],形容詞,疲倦的,The long journey made the old traveler very tired.（長途旅程讓老旅人感到非常疲倦。）
to,[tu],介系詞,到 / 向 / 給,Send the technical statement to the supervisor's office.（將技術聲明送到主管辦公室。）
toe,[to],名詞,腳趾,The heavy stone fell and hurt his big toe.（重石頭掉下來弄傷了他的大腳趾。）
together,[təˈɡɛðɚ],副詞,一起,They signed an agreement to work together on the project.（他們簽署了一項協議，決定一起合作這個專案。）
tomorrow,[təˈmɑro],名詞 / 副詞,明天,The validation communication test will take place tomorrow.（驗證通訊測試將在明天進行。）
tongue,[tʌŋ],名詞,舌頭,The doctor looked at his tongue and throat.（醫生檢查了他的舌頭和喉嚨。）
tooth,[tuθ],名詞,牙齒,Eating too much sugar is bad for your tooth.（吃太多糖對你的牙齒不好。）
top,[tɑp],名詞 / 形容詞,頂部 / 最上面的,Place the record manual in the top drawer of the desk.（將記錄手冊放在書桌最上面的抽屜裡。）
touch,[tʌtʃ],名詞 / 動詞的動作,接觸 / 觸碰,The light touch of his hand made the baby smile.（他手的輕輕觸碰讓寶寶露出了笑容。）
town,[taʊn],名詞,城鎮 / 鎮,He runs a small clothing business in the town.（他在鎮上經營一家小型服裝生意。）
trade,[tred],名詞,貿易 / 商業,English is a useful language for international trade.（英語是國際貿易中非常實用的語言。）
train,[tren],名詞,火車,We took a slow train through the green hills.（我們搭乘了慢火車穿過綠色山丘。）
transport,[ˈtrænspɔrt],名詞,運輸 / 交通工具,The government built a new system of public transport.（政府建造了一套新的大眾運輸系統。）
tray,[tre],名詞,托盤,She carried the cups of coffee on a wooden tray.（她用木製托盤端著幾杯咖啡。）
tree,[tri],名詞,樹木,A little bird is singing on the big tree branch.（一隻小鳥正在大樹枝上唱歌。）
trick,[trɪk],名詞,惡作劇 / 詭計 / 訣竅,The clown played a funny trick to make us laugh.（小丑玩了一個有趣的把戲讓我們大笑。）
trouble,[ˈtrʌbl],名詞,麻煩 / 困難,The broken engine caused a lot of trouble today.（壞掉的引擎今天造成了許多麻煩。）
trousers,[ˈtraʊzɚz],名詞,長褲,He wore clean brown trousers to the office meeting.（他穿著乾淨的棕色長褲出席辦公室會議。）
TRUE,[tru],形容詞,真實的 / 正確的,Please check if this technical statement is true.（請檢查這項技術陳述是否正確。）
turn,[tɝn],名詞 / 動詞的動作,轉動 / 轉變,Give a gentle turn to the handle to open the valve.（輕輕轉動手把以打開閥門。）
twist,[twɪst],名詞 / 動詞的動作,扭轉 / 纏繞,Give a strong twist to the metal wire to secure it.（用力扭轉一下金屬線以將其固定。）
umbrella,[ʌmˈbrɛlə],名詞,雨傘,Bring your umbrella; it is starting to rain heavily.（帶上你的雨傘，開始下大雨了。）
under,[ˈʌndɚ],介系詞,在...之下,The brown dog is sleeping quietly under the table.（棕色狗正安靜地在桌子底下睡覺。）
unit,[ˈjunit],名詞,單位 / 裝置,The fermentation unit is completely clean and ready.（發酵裝置已完全乾淨並準備就緒。）
up,[ʌp],介系詞 / 副詞,向上,He took one step up the stairs to the second floor.（他順著樓梯向上走了一步，前往二樓。）
use,[jus],名詞,使用 / 用途,The manager explained the proper use of this instrument.（經理說明了這台儀器的正確用途。）
value,[ˈvælju],名詞,價值,Value investing focuses on the long-term value of a stock.（價值投資專注於股票的長期價值。）
verse,[vɝs],名詞,詩句 / 韻文,He wrote a beautiful verse for his wife's birthday.（他為妻子的生日寫了一首美麗的詩句。）
very,[ˈvɛri],副詞,非常,The temperature reading on thedisplay is very low today.（顯示屏上的溫度讀數今天非常低。）
vessel,[ˈvɛsəl],名詞,容器 / 船艦 / 血管,The 500L fermenter vessel passed its technical review.（500L 的發酵槽容器通過了技術審查。）
view,[vju],名詞,景觀 / 觀點,We had a beautiful mountain view from our room balcony.（從我們房間的陽台可以看到美麗的山景。）
violent,[ˈvaɪələnt],形容詞,猛烈的 / 暴力的,The sudden storm brought a violent wind to the town.（突降的暴風雨給鎮上帶來了猛烈的狂風。）
voice,[vɔɪs],名詞,聲音（指人的說話/歌唱聲）,"She spoke in a quiet, gentle voice during the discussion.（她在討論中用溫和、輕柔的聲音說話。）"
waiting,[ˈwetɪŋ],名詞 / 形容詞,等待 / 等候的,The travelers spent an hour in the waiting room.（旅客們在候車室裡等了一個小時。）
walk,[wɔk],名詞 / 動詞的動作,散步 / 步行,Let us go for a short walk along the straight road.（讓我們沿著這條筆直的道路去短暫散步一下。）
wall,[wɔl],名詞,牆壁,Put the external balance scale near the interior wall.（將外部天平秤放在靠內牆的位置。）
war,[wɔr],名詞,戰爭,The history book describes the cause of the great war.（這本歷史書描述了那場大戰的起因。）
warm,[wɔrm],形容詞,溫暖的,A warm bath will help your stiff muscles relax.（洗個熱水澡能幫助你僵硬的肌肉放鬆。）
wash,[wɑʃ],名詞 / 動詞的動作,洗滌 / 沖洗,Give a thorough wash to the hygienic stainless steel pipes.（對衛生級不鏽鋼管路進行一次徹底的沖洗。）
waste,[west],名詞 / 形容詞,廢棄物 / 浪費的,Do not let chemical waste go down the kitchen drain.（不要讓化學廢棄物從廚房排水管流下去。）
watch,[wɑtʃ],名詞,手錶 / 看管,He looked at his automatic watch to check the time.（他看了看他的自動手錶以確認時間。）
water,[ˈwɔtɚ],名詞,水,"We need clear, fresh water for the clean-in-place process.（我們在原位清洗製程中需要清澈、新鮮的水。）"
wave,[wev],名詞,波浪 / 波動,The strong wind made large waves on the surface of the lake.（強風在湖面上激起了大波浪。）
wax,[wæks],名詞,蠟 / 蜂蠟,"The candle is made of clean, white wax.（這支蠟燭是由乾淨的白蠟製成的。）"
way,[we],名詞,方法 / 道路,Is this the right way to the public library?（這是去公共圖書館正確的路嗎？）
weather,[ˈwɛðɚ],名詞,天氣,The autumn weather brings a pleasant drop in temperature.（秋天的天氣帶來了舒適的降溫。）
week,[wik],名詞,星期 / 週,He works five days a week at the modern plant.（他每週在現代化高階工廠工作五天。）
weight,[wet],名詞,重量,Check the weight of the material on the external balance.（在外部天平上檢查材料的重量。）
well,[wɛl],副詞 / 名詞,良好地 / 水井,The automatic pump system is running very well today.（自動泵浦系統今天運行得非常良好。）
west,[wɛst],名詞 / 形容詞 / 副詞,西方 / 向西的,The sun sets in the west at the end of the day.（太陽在一天的盡頭從西方落下。）
wet,[wɛt],形容詞,濕的,Use a wet cloth to wipe the dust off the shelf.（用一塊濕布擦去架子上的灰塵。）
wheel,[hwil],名詞,車輪 / 輪子,The bicycle has a bent front wheel and cannot be used.（這輛腳踏車的前輪彎曲了，無法使用。）
when,[hwɛn],副詞 / 連接詞,當...時 / 何時,"When the bell rings, the meeting will make a start.（當鐘聲響起時，會議就會開始。）"
where,[hwɛr],副詞 / 連接詞,在哪裡 / ...的地方,This is the laboratory where we test the liquid.（這是我們測試液體的實驗室。）
while,[hwaɪl],連接詞 / 名詞,當...的時候 / 一會兒,She sang a happy song while walking down the street.（她在沿著街道行走時唱著一首快樂的歌。）
whip,[hwɪp],名詞,馬鞭 / 鞭子,The farmer used a leather whip to guide the horse carriage.（農夫使用皮鞭來引導馬車。）
whistle,[ˈhwɪsl],名詞,口哨 / 哨子 / 汽笛聲,We heard the sharp sound of a whistle from the station.（我們聽到車站傳來一聲尖銳的哨子聲。）
white,[hwaɪt],形容詞 / 名詞,白色的 / 白色,The office building is painted in a clean white color.（這棟辦公大樓外牆漆成了乾淨的白色。）
who,[hu],代名詞,誰 / ...的人,He is the engineer who reviewed the qualification checklist.（他就是審查資格驗證檢核表的那位工程師。）
why,[waɪ],副詞 / 連接詞,為什麼,Please tell the manager why the engine came to a stop.（請告訴經理為什麼引擎會停了下來。）
wide,[waɪd],形容詞,寬的 / 廣泛的,The new instrument has a wide measurement range.（這台新儀器有很寬的測量範圍。）
will,[wɪl],動詞 / 名詞,將會 / 意志 / 遺囑,The supervisor will check the safety rules tomorrow.（主管明天將會檢查安全規定。基本英語核心助動詞之一。）
wind,[wɪnd],名詞,風,The strong wind caused severe damage to the wooden roof.（強風對木製屋頂造成了嚴重的損害。）
window,[ˈwɪndo],名詞,窗戶,Close the glass window to block the cold air from the north.（關上玻璃窗以阻擋來自北方的冷空氣。）
wine,[waɪn],名詞,葡萄酒 / 酒,He pulled the cork out of the wine bottle for dinner.（他拔出酒瓶的軟木塞準備晚餐。）
wing,[wɪŋ],名詞,翅膀 / 機翼,The little bird hurt its left wing and cannot fly.（小鳥弄傷了左邊翅膀，沒辦法飛了。）
winter,[ˈwɪntɚ],名詞,冬天,The cold wind blows from the north during the winter.（冬天冷風從北方吹來。）
wire,[waɪr],名詞,金屬線 / 電線,Use strong steel wire to secure the pipe position.（使用堅固的鋼絲來固定管路位置。）
wise,[waɪz],形容詞,明智的 / 聰明的,It was a wise decision to run a regular check on the pump.（對泵浦進行常規檢查是個明智的決定。）
with,[wɪð],介系詞,具有 / 帶有 / 和...一起,Mix the white chemical powder with warm water.（將白色化學粉末與溫水混合。）
woman,[ˈwʊmən],名詞,女人 / 女性,The woman working at the library is a great expert on history.（在圖書館工作的那位女性是一位了不起的歷史專家。）
wood,[wʊd],名詞,木頭 / 木材 / 樹林,"He can make a beautiful, straight table out of wood.（他能用木頭做一張漂亮、筆直的桌子。）"
wool,[wʊl],名詞 / 形容詞,羊毛 / 毛製的,He wore a warm wool coat during his train journey.（他在火車旅程中穿著一件溫暖的羊毛大衣。）
word,[wɝd],名詞,字 / 詞 / 話語,This document explains the proper use of every Basic English word.（這份文件解釋了每個基本英語單字的正確用法。）
work,[wɝk],名詞,工作 / 勞動,Proper process training is necessary for safety at work.（適當的製程培訓對於工作安全是必要的。）
worm,[wɝm],名詞,蠕蟲,A little bird on the grass was looking for a worm.（草地上的小鳥正在尋找一隻蠕蟲。）
wound,[wund],名詞,傷口 / 創傷,The doctor put a clean cloth cover over his arm wound.（醫生在他手臂的傷口上蓋了一塊乾淨的布。）
writing,[ˈraɪtɪŋ],名詞,書寫 / 寫作 / 文字,The small writing in the manual is quite hard to read.（手冊裡的小字相當難讀。）
wrong,[rɔŋ],形容詞,錯誤的,He made a quick adjustment after checking the wrong reading.（在檢查到錯誤的讀數後，他迅速做出了調整。）
year,[jɪr],名詞,年 / 年份,They have been married for five happy years.（他們已經過了五年的幸福婚姻生活。）
yellow,[ˈjɛlo],形容詞 / 名詞,黃色的 / 黃色,The flame of the candle was bright and yellow in the dark.（在黑暗中，蠟燭的火焰又亮又黃。）
yes,[jɛs],副詞,是的,"Yes, it is possible to complete the technical review today.（是的，今天完成技術審查是有可能的。）"
yesterday,[ˈjɛstɚde],名詞 / 副詞,昨天,The trade representative signed the final agreement yesterday.（貿易代表昨天簽署了最終協議。）
you,[ju],代名詞,你 / 你們,"If you have any questions, please ask the supervisor.（如果您有任何問題，請詢問主管。）"
young,[jʌŋ],形容詞,年輕的 / 幼小的,Teaching young children requires a large amount of care.（教導幼兒需要高度的細心與照顧。）